NBHD_ID,NBRHD_NAME,POPULATION_2010,HISPANIC_2010,WHITE_2010,BLACK_2010,NATIVEAM_2010,ASIAN_2010,HAWPACIS_2010,OTHER_2010,TWO_OR_MORE_2010,PCT_HISPANIC,PCT_WHITE,PCT_BLACK,PCT_AMERIND,PCT_ASIAN,PCT_HAW_PACIS,PCT_OTHER_RACE,PCT_TWO_OR_MORE_RACES,HOUSINGUNITS_2010,OCCUPIEDUNITS_2010,VACANTUNITS_2010,MALE,FEMALE,AGE_LESS_5,AGE_5_TO_9,AGE_10_TO_14,AGE_15_TO_17,AGE_18_AND_19,AGE_20,AGE_21,AGE_22_TO_24,AGE_25_TO_29,AGE_30_TO_34,AGE_35_TO_39,AGE_40_TO_44,AGE_45_TO_49,AGE_50_TO_54,AGE_55_TO_59,AGE_60_AND_61,AGE_62_TO_64,AGE_65_AND_66,AGE_67_TO_69,AGE_70_TO_74,AGE_75_TO_79,AGE_80_TO_84,AGE_85_PLUS,AGE_0_TO_9,AGE_10_TO_19,AGE_20_TO_29,AGE_30_TO_39,AGE_40_TO_49,AGE_50_TO_59,AGE_60_TO_69,AGE_70_TO_79,AGE_80_PLUS,AGE_LESS_18,AGE_65_PLUS,PCT_LESS_18,PCT_65_PLUS,NUM_HOUSEHOLDS,ONE_PERSON_HH,ONE_PERSON_HH_MALE,ONE_PERSON_HH_FEMALE,TWO_OR_MORE_PERSON_HH,FAMILY_HHLD,HUSB_WIFE_FAM,HUSB_WIFE_NO_CHILD,HUSB_WIFE_W_CHLDR,OTHER_FAMILY,MALE_HHLDR_NO_WIFE,MALE_HHLDR_W_CHLDR,MALE_HHLDR_NO_CHILDR,FEMALE_HHLDR_NO_HUSB,FEMALE_HHLDR_W_CHILDR,FEMALE_HHLDR_NO_CHILDR,NON_FAMILY_HH,NON_FAMILY_MALE_HHLDR,NON_FAMILY_FEMALE_HHLDR,HH_W_NONRELATIVES,HH_NO_NONRELATIVES,FAMILIES,POP_GROUP_QRTRS,GQ_INSTITUTIONALIZED,GQ_CORRECTIONAL_FAC,GQ_JUVENILE_FAC,GQ_NURSING_FAC,GQ_OTHER_INST_FAC,GQ_NONINSTITUTIONAL,GQ_COLLEGEHOUSING,GQ_MILITARYQUARTERS,GQ_OTHER_NONINST,HOUSING_UNITS,OCCUPIED_HU,VACANT_HU,OWNED_W_MORTG_LOAN,OWNED_FREE_CLEAR,RENTED,VACANT_FOR_RENT,VACANT_RENTED_NOT_OCC,VACANT_FOR_SALE,VACANT_SOLD_NOT_OCC,VACANT_SEASONAL,VACANT_MIGRANT_WRKR,VACANT_OTHER,HU_OWNED,OWNED_AGE_15_TO_24,OWNED_AGE_25_TO_34,OWNED_AGE_35_TO_44,OWNED_AGE_45_TO_54,OWNED_AGE_55_TO_59,OWNED_AGE_60_TO_64,OWNED_AGE_65_TO_74,OWNED_AGE_75_TO_84,OWNED_AGE_85_PLUS,HU_RENTED,RENTED_AGE_15_TO_24,RENTED_AGE_25_TO_34,RENTED_AGE_35_TO_44,RENTED_AGE_45_TO_54,RENTED_AGE_55_TO_59,RENTED_AGE_60_TO_64,RENTED_AGE_65_TO_74,RENTED_AGE_75_TO_84,RENTED_AGE_85_PLUS,SHAPE_Length,SHAPE_Area
32,Hampden,17547.0,2505.0,11750.0,1963.0,64.0,726.0,20.0,38.0,481.0,14.28,66.96,11.19,0.36,4.14,0.11,0.22,2.74,9917.0,9320.0,597.0,8438.0,9109.0,965.0,783.0,611.0,395.0,359.0,219.0,227.0,942.0,1657.0,1251.0,1095.0,1038.0,1086.0,1307.0,1212.0,494.0,725.0,346.0,479.0,722.0,564.0,524.0,546.0,1748.0,1365.0,3045.0,2346.0,2124.0,2519.0,2044.0,1286.0,1070.0,2754.0,3181.0,15.69,18.13,9320.0,4397.0,1930.0,2467.0,4923.0,4105.0,2906.0,898.0,2008.0,1199.0,361.0,152.0,209.0,838.0,446.0,392.0,818.0,442.0,376.0,1105.0,8215.0,4105.0,0.0,0.0,0.0,0.0,0.0,0.0,0.0,0.0,0.0,0.0,9917.0,9320.0,597.0,3089.0,1426.0,4805.0,320.0,27.0,78.0,17.0,60.0,0.0,95.0,4515.0,35.0,351.0,540.0,884.0,521.0,551.0,797.0,607.0,229.0,4805.0,680.0,1363.0,791.0,700.0,304.0,253.0,285.0,200.0,229.0,0.200466185756,0.00076769350616
3,Baker,4879.0,1664.0,2854.0,144.0,43.0,52.0,10.0,7.0,105.0,34.11,58.5,2.95,0.88,1.07,0.2,0.14,2.15,2697.0,2447.0,250.0,2565.0,2314.0,250.0,213.0,169.0,113.0,78.0,37.0,60.0,225.0,707.0,655.0,524.0,351.0,333.0,295.0,320.0,88.0,126.0,54.0,72.0,91.0,47.0,34.0,37.0,463.0,360.0,1029.0,1179.0,684.0,615.0,340.0,138.0,71.0,745.0,335.0,15.27,6.87,2447.0,1137.0,596.0,541.0,1310.0,833.0,551.0,221.0,330.0,282.0,85.0,40.0,45.0,197.0,88.0,109.0,477.0,269.0,208.0,564.0,1883.0,833.0,26.0,0.0,0.0,0.0,0.0,0.0,26.0,0.0,0.0,26.0,2697.0,2447.0,250.0,915.0,170.0,1362.0,105.0,5.0,46.0,8.0,12.0,0.0,74.0,1085.0,12.0,257.0,289.0,195.0,97.0,90.0,84.0,39.0,22.0,1362.0,121.0,486.0,235.0,231.0,113.0,64.0,82.0,23.0,7.0,0.101766999749,0.00040579106694
70,Washington Park,6905.0,295.0,6356.0,28.0,9.0,119.0,3.0,13.0,82.0,4.27,92.05,0.41,0.13,1.72,0.04,0.19,1.19,3519.0,3307.0,212.0,3378.0,3527.0,500.0,338.0,241.0,120.0,57.0,17.0,18.0,218.0,678.0,601.0,562.0,540.0,497.0,495.0,564.0,273.0,345.0,138.0,170.0,161.0,129.0,116.0,127.0,838.0,418.0,931.0,1163.0,1037.0,1059.0,926.0,290.0,243.0,1199.0,841.0,17.36,12.18,3307.0,1171.0,511.0,660.0,2136.0,1695.0,1465.0,600.0,865.0,230.0,84.0,37.0,47.0,146.0,69.0,77.0,441.0,226.0,215.0,506.0,2801.0,1695.0,5.0,0.0,0.0,0.0,0.0,0.0,5.0,0.0,0.0,5.0,3519.0,3307.0,212.0,1865.0,729.0,713.0,24.0,6.0,52.0,25.0,62.0,0.0,43.0,2594.0,16.0,291.0,499.0,562.0,313.0,359.0,290.0,176.0,88.0,713.0,61.0,329.0,132.0,70.0,31.0,36.0,27.0,6.0,21.0,0.0904448757114,0.000410873627371
13,Cherry Creek,5589.0,332.0,4896.0,79.0,17.0,168.0,4.0,3.0,90.0,5.94,87.6,1.41,0.3,3.01,0.07,0.05,1.61,4163.0,3542.0,621.0,2488.0,3101.0,168.0,124.0,85.0,36.0,24.0,20.0,33.0,203.0,583.0,451.0,360.0,371.0,308.0,394.0,493.0,249.0,348.0,193.0,228.0,242.0,212.0,202.0,262.0,292.0,145.0,839.0,811.0,679.0,887.0,1018.0,454.0,464.0,413.0,1339.0,7.39,23.96,3542.0,2002.0,717.0,1285.0,1540.0,1194.0,977.0,169.0,808.0,217.0,55.0,26.0,29.0,162.0,73.0,89.0,346.0,187.0,159.0,388.0,3154.0,1194.0,0.0,0.0,0.0,0.0,0.0,0.0,0.0,0.0,0.0,0.0,4163.0,3542.0,621.0,1217.0,456.0,1869.0,235.0,7.0,122.0,20.0,180.0,0.0,57.0,1673.0,11.0,117.0,239.0,282.0,259.0,292.0,317.0,120.0,36.0,1869.0,113.0,521.0,261.0,211.0,79.0,92.0,161.0,224.0,207.0,0.0639229718933,0.000227659616089
22,Country Club,3001.0,94.0,2740.0,20.0,8.0,77.0,1.0,5.0,56.0,3.13,91.3,0.67,0.27,2.57,0.03,0.17,1.87,1364.0,1289.0,75.0,1443.0,1558.0,177.0,240.0,173.0,82.0,46.0,8.0,10.0,61.0,146.0,143.0,229.0,257.0,230.0,240.0,271.0,112.0,175.0,112.0,86.0,94.0,50.0,31.0,28.0,417.0,301.0,225.0,372.0,487.0,511.0,485.0,144.0,59.0,672.0,401.0,22.39,13.36,1289.0,342.0,113.0,229.0,947.0,822.0,722.0,300.0,422.0,100.0,29.0,19.0,10.0,71.0,47.0,24.0,125.0,73.0,52.0,147.0,1142.0,822.0,0.0,0.0,0.0,0.0,0.0,0.0,0.0,0.0,0.0,0.0,1364.0,1289.0,75.0,723.0,327.0,239.0,14.0,1.0,20.0,5.0,15.0,0.0,20.0,1050.0,0.0,58.0,209.0,228.0,150.0,152.0,183.0,52.0,18.0,239.0,14.0,90.0,55.0,34.0,14.0,17.0,9.0,4.0,2.0,0.052865128293,0.000176682748962
17,Clayton,4336.0,2126.0,699.0,1308.0,32.0,42.0,4.0,3.0,122.0,49.03,16.12,30.17,0.74,0.97,0.09,0.07,2.81,1619.0,1456.0,163.0,2173.0,2163.0,432.0,364.0,317.0,212.0,134.0,67.0,64.0,199.0,400.0,384.0,281.0,254.0,267.0,240.0,184.0,68.0,76.0,50.0,48.0,92.0,85.0,71.0,47.0,796.0,663.0,730.0,665.0,521.0,424.0,242.0,177.0,118.0,1325.0,393.0,30.56,9.06,1456.0,385.0,197.0,188.0,1071.0,914.0,451.0,253.0,198.0,463.0,116.0,57.0,59.0,347.0,190.0,157.0,157.0,79.0,78.0,265.0,1191.0,914.0,65.0,0.0,0.0,0.0,0.0,0.0,65.0,0.0,0.0,65.0,1619.0,1456.0,163.0,623.0,163.0,670.0,52.0,2.0,42.0,3.0,2.0,0.0,62.0,786.0,6.0,154.0,151.0,146.0,59.0,57.0,92.0,90.0,31.0,670.0,63.0,204.0,130.0,123.0,46.0,29.0,43.0,23.0,9.0,0.0598778292508,0.000209828642614
55,Skyland,3106.0,573.0,882.0,1498.0,17.0,20.0,1.0,12.0,103.0,18.45,28.4,48.23,0.55,0.64,0.03,0.39,3.32,1506.0,1381.0,125.0,1496.0,1610.0,186.0,160.0,160.0,96.0,60.0,20.0,21.0,90.0,288.0,327.0,247.0,212.0,198.0,225.0,183.0,69.0,66.0,46.0,67.0,95.0,111.0,85.0,94.0,346.0,316.0,419.0,574.0,410.0,408.0,248.0,206.0,179.0,602.0,498.0,19.38,16.03,1381.0,538.0,232.0,306.0,843.0,688.0,383.0,140.0,243.0,305.0,83.0,28.0,55.0,222.0,79.0,143.0,155.0,92.0,63.0,222.0,1159.0,688.0,25.0,0.0,0.0,0.0,0.0,0.0,25.0,0.0,0.0,25.0,1506.0,1381.0,125.0,690.0,160.0,531.0,46.0,2.0,22.0,6.0,0.0,0.0,49.0,850.0,4.0,171.0,179.0,125.0,65.0,59.0,83.0,97.0,67.0,531.0,17.0,106.0,76.0,104.0,54.0,36.0,68.0,58.0,12.0,0.0605724629385,0.000207803229084
15,City Park West,4844.0,524.0,2981.0,995.0,53.0,84.0,1.0,20.0,186.0,10.82,61.54,20.54,1.09,1.73,0.02,0.41,3.84,2821.0,2574.0,247.0,2388.0,2456.0,208.0,111.0,73.0,61.0,34.0,45.0,70.0,357.0,760.0,623.0,453.0,361.0,280.0,345.0,311.0,121.0,129.0,84.0,127.0,111.0,72.0,61.0,47.0,319.0,168.0,1232.0,1076.0,641.0,656.0,461.0,183.0,108.0,453.0,502.0,9.35,10.36,2574.0,1569.0,792.0,777.0,1005.0,588.0,352.0,110.0,242.0,236.0,62.0,26.0,36.0,174.0,97.0,77.0,417.0,208.0,209.0,468.0,2106.0,588.0,721.0,207.0,77.0,9.0,121.0,0.0,514.0,0.0,0.0,514.0,2821.0,2574.0,247.0,669.0,78.0,1827.0,155.0,3.0,28.0,6.0,11.0,0.0,44.0,747.0,14.0,234.0,202.0,106.0,50.0,52.0,61.0,14.0,14.0,1827.0,216.0,608.0,253.0,211.0,133.0,107.0,190.0,84.0,25.0,0.0496459496965,0.000143398940061
9,Capitol Hill,14708.0,1654.0,11554.0,649.0,99.0,333.0,9.0,28.0,382.0,11.25,78.56,4.41,0.67,2.26,0.06,0.19,2.6,11757.0,10856.0,901.0,8331.0,6377.0,190.0,112.0,71.0,35.0,154.0,212.0,278.0,1729.0,3740.0,2161.0,1316.0,854.0,833.0,764.0,765.0,265.0,358.0,159.0,205.0,229.0,127.0,92.0,59.0,302.0,260.0,5959.0,3477.0,1687.0,1529.0,987.0,356.0,151.0,408.0,871.0,2.77,5.92,10856.0,7796.0,4530.0,3266.0,3060.0,1201.0,830.0,145.0,685.0,371.0,159.0,49.0,110.0,212.0,84.0,128.0,1859.0,1034.0,825.0,1941.0,8915.0,1201.0,195.0,13.0,0.0,0.0,13.0,0.0,182.0,0.0,0.0,182.0,11757.0,10856.0,901.0,1861.0,347.0,8648.0,579.0,35.0,89.0,24.0,103.0,0.0,71.0,2208.0,66.0,628.0,494.0,339.0,186.0,180.0,200.0,92.0,23.0,8648.0,1536.0,3761.0,1220.0,896.0,457.0,347.0,294.0,107.0,30.0,0.054472067163,0.00018406642696
47,North Capitol Hill,5823.0,650.0,4283.0,536.0,41.0,148.0,3.0,8.0,154.0,11.16,73.55,9.2,0.7,2.54,0.05,0.14,2.64,4213.0,3851.0,362.0,3415.0,2408.0,91.0,53.0,23.0,27.0,75.0,100.0,100.0,696.0,1463.0,804.0,435.0,307.0,309.0,339.0,307.0,113.0,158.0,66.0,102.0,117.0,68.0,42.0,28.0,144.0,125.0,2359.0,1239.0,616.0,646.0,439.0,185.0,70.0,194.0,423.0,3.33,7.26,3851.0,2702.0,1619.0,1083.0,1149.0,461.0,331.0,37.0,294.0,130.0,46.0,14.0,32.0,84.0,41.0,43.0,688.0,382.0,306.0,717.0,3134.0,461.0,601.0,73.0,0.0,0.0,73.0,0.0,528.0,0.0,0.0,528.0,4213.0,3851.0,362.0,558.0,48.0,3245.0,258.0,12.0,22.0,8.0,52.0,0.0,10.0,606.0,18.0,225.0,159.0,88.0,38.0,41.0,28.0,7.0,2.0,3245.0,550.0,1368.0,387.0,325.0,169.0,157.0,181.0,86.0,22.0,0.0403712364869,9.59539124833e-05
16,Civic Center,1577.0,151.0,1230.0,81.0,10.0,60.0,0.0,0.0,45.0,9.58,78.0,5.14,0.63,3.8,0.0,0.0,2.85,1345.0,1140.0,205.0,886.0,691.0,23.0,8.0,6.0,7.0,14.0,12.0,16.0,106.0,338.0,231.0,125.0,121.0,123.0,101.0,124.0,44.0,71.0,26.0,25.0,27.0,15.0,11.0,3.0,31.0,27.0,472.0,356.0,244.0,225.0,166.0,42.0,14.0,44.0,107.0,2.79,6.79,1140.0,744.0,453.0,291.0,396.0,222.0,180.0,13.0,167.0,42.0,16.0,7.0,9.0,26.0,14.0,12.0,174.0,112.0,62.0,179.0,961.0,222.0,5.0,0.0,0.0,0.0,0.0,0.0,5.0,0.0,0.0,5.0,1345.0,1140.0,205.0,242.0,52.0,846.0,99.0,3.0,23.0,7.0,60.0,0.0,13.0,294.0,0.0,49.0,56.0,60.0,33.0,53.0,32.0,11.0,0.0,846.0,91.0,370.0,129.0,124.0,64.0,36.0,22.0,8.0,2.0,0.0421675539835,8.26985637936e-05
10,CBD,3648.0,355.0,2744.0,254.0,34.0,122.0,4.0,14.0,121.0,9.73,75.22,6.96,0.93,3.34,0.11,0.38,3.32,3257.0,2363.0,894.0,2016.0,1632.0,50.0,19.0,6.0,9.0,440.0,252.0,164.0,460.0,640.0,332.0,197.0,178.0,161.0,201.0,189.0,67.0,65.0,30.0,53.0,58.0,35.0,26.0,16.0,69.0,455.0,1516.0,529.0,339.0,390.0,215.0,93.0,42.0,84.0,218.0,2.3,5.98,2363.0,1767.0,1026.0,741.0,596.0,303.0,216.0,21.0,195.0,87.0,37.0,10.0,27.0,50.0,15.0,35.0,293.0,163.0,130.0,305.0,2058.0,303.0,536.0,0.0,0.0,0.0,0.0,0.0,536.0,432.0,0.0,104.0,3257.0,2363.0,894.0,309.0,78.0,1976.0,186.0,6.0,501.0,28.0,155.0,0.0,18.0,387.0,17.0,97.0,77.0,48.0,39.0,36.0,50.0,18.0,5.0,1976.0,638.0,619.0,215.0,216.0,117.0,68.0,63.0,30.0,10.0,0.042533973383,0.000117325732405
63,Union Station,4348.0,290.0,3537.0,94.0,16.0,327.0,1.0,2.0,81.0,6.67,81.35,2.16,0.37,7.52,0.02,0.05,1.86,3618.0,3070.0,548.0,2351.0,1997.0,77.0,16.0,13.0,9.0,29.0,28.0,37.0,253.0,762.0,578.0,386.0,266.0,244.0,284.0,300.0,105.0,218.0,106.0,152.0,199.0,144.0,84.0,58.0,93.0,51.0,1080.0,964.0,510.0,584.0,581.0,343.0,142.0,115.0,743.0,2.64,17.09,3070.0,1935.0,1096.0,839.0,1135.0,751.0,665.0,65.0,600.0,86.0,39.0,12.0,27.0,47.0,14.0,33.0,384.0,229.0,155.0,393.0,2677.0,751.0,2.0,0.0,0.0,0.0,0.0,0.0,2.0,0.0,0.0,2.0,3618.0,3070.0,548.0,965.0,262.0,1843.0,170.0,20.0,51.0,4.0,284.0,0.0,19.0,1227.0,34.0,303.0,229.0,187.0,132.0,128.0,142.0,60.0,12.0,1843.0,175.0,653.0,255.0,204.0,96.0,97.0,195.0,127.0,41.0,0.0455047987623,0.000119416247697
26,Five Points,12712.0,2863.0,7240.0,1936.0,103.0,219.0,12.0,20.0,319.0,22.52,56.95,15.23,0.81,1.72,0.09,0.16,2.51,7147.0,6406.0,741.0,7440.0,5272.0,578.0,397.0,280.0,191.0,169.0,126.0,167.0,1331.0,2643.0,1525.0,1086.0,909.0,805.0,773.0,672.0,184.0,231.0,117.0,137.0,141.0,117.0,71.0,62.0,975.0,640.0,4267.0,2611.0,1714.0,1445.0,669.0,258.0,133.0,1446.0,645.0,11.38,5.07,6406.0,3347.0,1981.0,1366.0,3059.0,1711.0,912.0,280.0,632.0,799.0,212.0,80.0,132.0,587.0,358.0,229.0,1348.0,845.0,503.0,1503.0,4903.0,1711.0,1465.0,79.0,0.0,0.0,79.0,0.0,1386.0,0.0,0.0,1386.0,7147.0,6406.0,741.0,1571.0,203.0,4632.0,302.0,8.0,237.0,19.0,63.0,0.0,112.0,1774.0,43.0,570.0,485.0,273.0,115.0,103.0,107.0,57.0,21.0,4632.0,834.0,1992.0,679.0,479.0,199.0,154.0,175.0,91.0,29.0,0.103128604267,0.00048081811816
60,Stapleton,13948.0,1812.0,9718.0,1395.0,80.0,515.0,7.0,31.0,390.0,12.99,69.67,10.0,0.57,3.69,0.05,0.22,2.8,4338.0,4092.0,246.0,7308.0,6640.0,1720.0,1240.0,419.0,137.0,124.0,83.0,109.0,505.0,1324.0,1863.0,2211.0,1603.0,940.0,549.0,426.0,129.0,187.0,77.0,100.0,93.0,45.0,38.0,26.0,2960.0,680.0,2021.0,4074.0,2543.0,975.0,493.0,138.0,64.0,3516.0,379.0,25.21,2.72,4092.0,981.0,394.0,587.0,3111.0,2759.0,2341.0,1605.0,736.0,418.0,108.0,86.0,22.0,310.0,234.0,76.0,352.0,208.0,144.0,462.0,3630.0,2759.0,3275.0,3273.0,3273.0,0.0,0.0,0.0,2.0,0.0,0.0,2.0,4338.0,4092.0,246.0,3031.0,146.0,915.0,68.0,7.0,85.0,24.0,44.0,0.0,18.0,3177.0,21.0,798.0,1421.0,487.0,160.0,157.0,101.0,26.0,6.0,915.0,61.0,281.0,269.0,110.0,52.0,42.0,58.0,28.0,14.0,0.301708697806,0.00244593527113
36,Highland,8429.0,3140.0,4840.0,161.0,54.0,115.0,10.0,7.0,102.0,37.25,57.42,1.91,0.64,1.36,0.12,0.08,1.21,4683.0,4131.0,552.0,4309.0,4120.0,512.0,354.0,274.0,156.0,122.0,72.0,70.0,489.0,1326.0,1190.0,858.0,618.0,478.0,421.0,387.0,128.0,180.0,100.0,105.0,124.0,133.0,135.0,197.0,866.0,552.0,1957.0,2048.0,1096.0,808.0,513.0,257.0,332.0,1296.0,794.0,15.38,9.42,4131.0,1843.0,902.0,941.0,2288.0,1495.0,1011.0,400.0,611.0,484.0,141.0,57.0,84.0,343.0,169.0,174.0,793.0,463.0,330.0,942.0,3189.0,1495.0,149.0,123.0,0.0,0.0,123.0,0.0,26.0,0.0,0.0,26.0,4683.0,4131.0,552.0,1574.0,272.0,2285.0,212.0,22.0,115.0,12.0,33.0,0.0,158.0,1846.0,22.0,507.0,533.0,290.0,133.0,117.0,114.0,87.0,43.0,2285.0,230.0,926.0,412.0,256.0,91.0,70.0,80.0,91.0,129.0,0.0761941372142,0.000313848737981
29,Globeville,3687.0,2501.0,950.0,112.0,36.0,27.0,5.0,6.0,50.0,67.83,25.77,3.04,0.98,0.73,0.14,0.16,1.36,1157.0,1040.0,117.0,2027.0,1660.0,328.0,267.0,254.0,142.0,306.0,142.0,90.0,218.0,309.0,217.0,233.0,215.0,227.0,215.0,157.0,63.0,74.0,36.0,39.0,62.0,43.0,30.0,20.0,595.0,702.0,759.0,450.0,442.0,372.0,212.0,105.0,50.0,991.0,230.0,26.88,6.24,1040.0,292.0,182.0,110.0,748.0,670.0,360.0,193.0,167.0,310.0,112.0,55.0,57.0,198.0,117.0,81.0,78.0,57.0,21.0,185.0,855.0,670.0,559.0,0.0,0.0,0.0,0.0,0.0,559.0,431.0,0.0,128.0,1157.0,1040.0,117.0,316.0,149.0,575.0,40.0,3.0,22.0,7.0,3.0,0.0,42.0,465.0,11.0,53.0,85.0,93.0,60.0,53.0,69.0,30.0,11.0,575.0,59.0,152.0,134.0,133.0,38.0,22.0,24.0,9.0,4.0,0.12892401313,0.000560892236454
66,University Park,7491.0,484.0,6253.0,158.0,12.0,419.0,4.0,12.0,149.0,6.46,83.47,2.11,0.16,5.59,0.05,0.16,1.99,4025.0,3663.0,362.0,3708.0,3783.0,361.0,322.0,293.0,159.0,158.0,281.0,371.0,784.0,887.0,455.0,415.0,396.0,401.0,481.0,462.0,186.0,218.0,89.0,101.0,134.0,113.0,153.0,271.0,683.0,610.0,2323.0,870.0,797.0,943.0,594.0,247.0,424.0,1135.0,861.0,15.15,11.49,3663.0,1609.0,735.0,874.0,2054.0,1408.0,1123.0,493.0,630.0,285.0,97.0,35.0,62.0,188.0,94.0,94.0,646.0,325.0,321.0,702.0,2961.0,1408.0,184.0,0.0,0.0,0.0,0.0,0.0,184.0,171.0,0.0,13.0,4025.0,3663.0,362.0,1076.0,431.0,2156.0,210.0,2.0,61.0,14.0,30.0,0.0,45.0,1507.0,30.0,131.0,260.0,350.0,208.0,191.0,149.0,111.0,77.0,2156.0,629.0,651.0,220.0,171.0,87.0,89.0,70.0,84.0,155.0,0.0703891826752,0.000316092671728
21,Cory - Merrill,3892.0,238.0,3440.0,38.0,6.0,104.0,1.0,9.0,56.0,6.12,88.39,0.98,0.15,2.67,0.03,0.23,1.44,1862.0,1771.0,91.0,1927.0,1965.0,334.0,242.0,132.0,55.0,26.0,24.0,17.0,122.0,352.0,365.0,382.0,327.0,262.0,264.0,272.0,104.0,131.0,45.0,82.0,107.0,76.0,86.0,85.0,576.0,213.0,515.0,747.0,589.0,536.0,362.0,183.0,171.0,763.0,481.0,19.6,12.36,1771.0,612.0,255.0,357.0,1159.0,959.0,773.0,350.0,423.0,186.0,57.0,21.0,36.0,129.0,60.0,69.0,200.0,109.0,91.0,236.0,1535.0,959.0,94.0,0.0,0.0,0.0,0.0,0.0,94.0,58.0,0.0,36.0,1862.0,1771.0,91.0,1001.0,385.0,385.0,15.0,0.0,32.0,7.0,12.0,0.0,25.0,1386.0,7.0,156.0,325.0,278.0,156.0,148.0,147.0,104.0,65.0,385.0,35.0,153.0,81.0,51.0,24.0,18.0,10.0,7.0,6.0,0.0630993565777,0.000228186763388
71,Washington Park West,6393.0,444.0,5626.0,69.0,28.0,85.0,0.0,11.0,130.0,6.95,88.0,1.08,0.44,1.33,0.0,0.17,2.03,3591.0,3365.0,226.0,3258.0,3135.0,369.0,199.0,155.0,84.0,42.0,39.0,37.0,335.0,1044.0,868.0,722.0,513.0,387.0,405.0,424.0,166.0,172.0,101.0,86.0,74.0,82.0,49.0,40.0,568.0,281.0,1455.0,1590.0,900.0,829.0,525.0,156.0,89.0,807.0,432.0,12.62,6.76,3365.0,1430.0,703.0,727.0,1935.0,1291.0,1065.0,382.0,683.0,226.0,81.0,32.0,49.0,145.0,64.0,81.0,644.0,386.0,258.0,705.0,2660.0,1291.0,10.0,0.0,0.0,0.0,0.0,0.0,10.0,0.0,0.0,10.0,3591.0,3365.0,226.0,1636.0,341.0,1388.0,66.0,7.0,64.0,7.0,12.0,0.0,70.0,1977.0,16.0,395.0,534.0,369.0,217.0,182.0,151.0,82.0,31.0,1388.0,161.0,643.0,264.0,150.0,68.0,52.0,28.0,17.0,5.0,0.0664119268669,0.000237357736193
59,Speer,10954.0,1222.0,8971.0,239.0,51.0,242.0,10.0,17.0,202.0,11.16,81.9,2.18,0.47,2.21,0.09,0.16,1.84,7965.0,7304.0,661.0,5607.0,5347.0,333.0,188.0,121.0,65.0,66.0,81.0,100.0,876.0,2502.0,1736.0,1106.0,699.0,562.0,539.0,550.0,219.0,295.0,136.0,152.0,164.0,108.0,131.0,225.0,521.0,252.0,3559.0,2842.0,1261.0,1089.0,802.0,272.0,356.0,707.0,916.0,6.45,8.36,7304.0,4646.0,2281.0,2365.0,2658.0,1400.0,1005.0,276.0,729.0,395.0,147.0,62.0,85.0,248.0,116.0,132.0,1258.0,714.0,544.0,1369.0,5935.0,1400.0,14.0,0.0,0.0,0.0,0.0,0.0,14.0,0.0,0.0,14.0,7965.0,7304.0,661.0,1810.0,356.0,5138.0,388.0,14.0,90.0,13.0,79.0,0.0,77.0,2166.0,32.0,597.0,535.0,338.0,173.0,202.0,183.0,78.0,28.0,5138.0,577.0,2304.0,805.0,518.0,253.0,204.0,169.0,130.0,178.0,0.0613009916072,0.000232339565133
20,Congress Park,10235.0,828.0,8429.0,452.0,46.0,214.0,4.0,25.0,237.0,8.09,82.35,4.42,0.45,2.09,0.04,0.24,2.32,6208.0,5724.0,484.0,5110.0,5125.0,552.0,399.0,324.0,152.0,84.0,52.0,74.0,580.0,1494.0,1330.0,1076.0,844.0,656.0,654.0,643.0,245.0,332.0,160.0,172.0,133.0,101.0,96.0,82.0,951.0,560.0,2200.0,2406.0,1500.0,1297.0,909.0,234.0,178.0,1427.0,744.0,13.94,7.27,5724.0,2895.0,1391.0,1504.0,2829.0,1940.0,1495.0,629.0,866.0,445.0,145.0,70.0,75.0,300.0,174.0,126.0,889.0,474.0,415.0,995.0,4729.0,1940.0,83.0,40.0,40.0,0.0,0.0,0.0,43.0,0.0,0.0,43.0,6208.0,5724.0,484.0,1993.0,433.0,3298.0,263.0,13.0,85.0,13.0,30.0,0.0,80.0,2426.0,28.0,413.0,620.0,485.0,261.0,269.0,222.0,91.0,37.0,3298.0,359.0,1382.0,612.0,385.0,173.0,159.0,133.0,70.0,25.0,0.0676194296838,0.000280072252988
18,Cole,4651.0,2847.0,911.0,752.0,20.0,21.0,4.0,17.0,79.0,61.21,19.59,16.17,0.43,0.45,0.09,0.37,1.7,1789.0,1595.0,194.0,2382.0,2269.0,433.0,391.0,360.0,212.0,134.0,64.0,59.0,243.0,470.0,420.0,410.0,314.0,263.0,218.0,170.0,66.0,73.0,51.0,59.0,78.0,78.0,55.0,30.0,824.0,706.0,836.0,830.0,577.0,388.0,249.0,156.0,85.0,1396.0,351.0,30.02,7.55,1595.0,462.0,226.0,236.0,1133.0,938.0,522.0,295.0,227.0,416.0,121.0,61.0,60.0,295.0,166.0,129.0,195.0,117.0,78.0,318.0,1277.0,938.0,13.0,0.0,0.0,0.0,0.0,0.0,13.0,0.0,0.0,13.0,1789.0,1595.0,194.0,607.0,148.0,840.0,53.0,1.0,45.0,10.0,3.0,0.0,82.0,755.0,8.0,179.0,182.0,126.0,60.0,41.0,72.0,69.0,18.0,840.0,86.0,216.0,208.0,139.0,40.0,37.0,68.0,37.0,9.0,0.0468950051227,0.000139418060682
62,Sunnyside,9726.0,5768.0,3321.0,286.0,104.0,94.0,3.0,29.0,121.0,59.3,34.15,2.94,1.07,0.97,0.03,0.3,1.24,4053.0,3781.0,272.0,4862.0,4864.0,799.0,661.0,552.0,351.0,205.0,125.0,94.0,385.0,1007.0,1013.0,845.0,631.0,596.0,591.0,514.0,187.0,229.0,118.0,138.0,238.0,163.0,143.0,141.0,1460.0,1108.0,1611.0,1858.0,1227.0,1105.0,672.0,401.0,284.0,2363.0,941.0,24.3,9.68,3781.0,1092.0,514.0,578.0,2689.0,2222.0,1331.0,568.0,763.0,891.0,209.0,89.0,120.0,682.0,363.0,319.0,467.0,253.0,214.0,688.0,3093.0,2222.0,79.0,66.0,66.0,0.0,0.0,0.0,13.0,0.0,0.0,13.0,4053.0,3781.0,272.0,1806.0,361.0,1614.0,63.0,11.0,98.0,14.0,7.0,0.0,79.0,2167.0,20.0,479.0,495.0,352.0,198.0,177.0,224.0,140.0,82.0,1614.0,141.0,472.0,278.0,288.0,126.0,94.0,117.0,74.0,24.0,0.0826794119113,0.000387682990013
54,Ruby Hill,9820.0,6797.0,2052.0,235.0,88.0,567.0,4.0,22.0,55.0,69.22,20.9,2.39,0.9,5.77,0.04,0.22,0.56,3540.0,3324.0,216.0,4915.0,4905.0,887.0,808.0,703.0,467.0,283.0,115.0,136.0,396.0,757.0,710.0,692.0,597.0,594.0,580.0,501.0,180.0,296.0,131.0,223.0,270.0,195.0,163.0,136.0,1695.0,1453.0,1404.0,1402.0,1191.0,1081.0,830.0,465.0,299.0,2865.0,1118.0,29.18,11.38,3324.0,984.0,457.0,527.0,2340.0,2146.0,1358.0,687.0,671.0,788.0,256.0,108.0,148.0,532.0,294.0,238.0,194.0,115.0,79.0,462.0,2862.0,2146.0,0.0,0.0,0.0,0.0,0.0,0.0,0.0,0.0,0.0,0.0,3540.0,3324.0,216.0,1315.0,374.0,1635.0,93.0,2.0,50.0,11.0,4.0,0.0,56.0,1689.0,28.0,261.0,292.0,335.0,173.0,164.0,208.0,157.0,71.0,1635.0,91.0,330.0,294.0,294.0,147.0,128.0,223.0,100.0,28.0,0.0892425796144,0.000394848723161
64,University,9375.0,627.0,7796.0,162.0,46.0,521.0,4.0,18.0,201.0,6.69,83.16,1.73,0.49,5.56,0.04,0.19,2.14,3969.0,3759.0,210.0,4755.0,4620.0,331.0,231.0,170.0,94.0,1491.0,711.0,556.0,1191.0,1178.0,657.0,511.0,374.0,331.0,365.0,371.0,128.0,166.0,70.0,87.0,92.0,72.0,88.0,110.0,562.0,1755.0,3636.0,1168.0,705.0,736.0,451.0,164.0,198.0,826.0,519.0,8.81,5.54,3759.0,1607.0,850.0,757.0,2152.0,1218.0,952.0,371.0,581.0,266.0,109.0,40.0,69.0,157.0,69.0,88.0,934.0,478.0,456.0,1009.0,2750.0,1218.0,2121.0,0.0,0.0,0.0,0.0,0.0,2121.0,2121.0,0.0,0.0,3969.0,3759.0,210.0,1225.0,391.0,2143.0,122.0,3.0,36.0,10.0,7.0,0.0,32.0,1616.0,54.0,281.0,327.0,312.0,178.0,157.0,133.0,95.0,79.0,2143.0,833.0,747.0,221.0,159.0,72.0,41.0,41.0,19.0,10.0,0.0829218918343,0.000338831267906
30,Goldsmith,5808.0,1613.0,3043.0,738.0,42.0,204.0,6.0,13.0,149.0,27.77,52.39,12.71,0.72,3.51,0.1,0.22,2.57,2978.0,2762.0,216.0,2956.0,2852.0,395.0,323.0,229.0,113.0,195.0,100.0,98.0,360.0,552.0,431.0,384.0,342.0,378.0,365.0,312.0,101.0,158.0,86.0,98.0,158.0,189.0,184.0,257.0,718.0,537.0,1110.0,815.0,720.0,677.0,443.0,347.0,441.0,1060.0,972.0,18.25,16.74,2762.0,1288.0,680.0,608.0,1474.0,1176.0,737.0,313.0,424.0,439.0,150.0,56.0,94.0,289.0,175.0,114.0,298.0,193.0,105.0,398.0,2364.0,1176.0,304.0,304.0,0.0,0.0,304.0,0.0,0.0,0.0,0.0,0.0,2978.0,2762.0,216.0,511.0,287.0,1964.0,153.0,7.0,24.0,4.0,10.0,0.0,18.0,798.0,8.0,61.0,102.0,156.0,87.0,69.0,148.0,123.0,44.0,1964.0,330.0,493.0,350.0,344.0,140.0,97.0,70.0,85.0,55.0,0.110966491308,0.000210293501802
69,Virginia Village,12844.0,2488.0,8453.0,1007.0,82.0,437.0,5.0,28.0,344.0,19.37,65.81,7.84,0.64,3.4,0.04,0.22,2.68,6591.0,6056.0,535.0,6487.0,6357.0,863.0,709.0,550.0,299.0,234.0,130.0,159.0,661.0,1380.0,1190.0,920.0,908.0,848.0,890.0,840.0,291.0,361.0,169.0,245.0,313.0,280.0,332.0,272.0,1572.0,1083.0,2330.0,2110.0,1756.0,1730.0,1066.0,593.0,604.0,2421.0,1611.0,18.85,12.54,6056.0,2511.0,1301.0,1210.0,3545.0,2860.0,2004.0,812.0,1192.0,856.0,261.0,105.0,156.0,595.0,324.0,271.0,685.0,401.0,284.0,908.0,5148.0,2860.0,275.0,262.0,0.0,0.0,262.0,0.0,13.0,5.0,0.0,8.0,6591.0,6056.0,535.0,2078.0,774.0,3204.0,420.0,12.0,42.0,4.0,16.0,0.0,41.0,2852.0,23.0,411.0,514.0,540.0,319.0,288.0,318.0,312.0,127.0,3204.0,413.0,971.0,628.0,538.0,210.0,145.0,165.0,86.0,48.0,0.128604706819,0.000528265844372
23,DIA,1165.0,234.0,504.0,333.0,6.0,38.0,2.0,5.0,43.0,20.09,43.26,28.58,0.52,3.26,0.17,0.43,3.69,547.0,509.0,38.0,520.0,645.0,128.0,82.0,67.0,33.0,17.0,9.0,14.0,52.0,210.0,160.0,106.0,94.0,65.0,38.0,42.0,15.0,6.0,10.0,5.0,3.0,6.0,2.0,1.0,210.0,117.0,285.0,266.0,159.0,80.0,36.0,9.0,3.0,310.0,27.0,26.61,2.32,509.0,156.0,62.0,94.0,353.0,296.0,173.0,83.0,90.0,123.0,21.0,13.0,8.0,102.0,72.0,30.0,57.0,25.0,32.0,81.0,428.0,296.0,0.0,0.0,0.0,0.0,0.0,0.0,0.0,0.0,0.0,0.0,547.0,509.0,38.0,378.0,13.0,118.0,10.0,0.0,18.0,2.0,3.0,0.0,5.0,391.0,22.0,165.0,102.0,54.0,22.0,10.0,12.0,3.0,1.0,118.0,6.0,51.0,38.0,15.0,3.0,4.0,0.0,1.0,0.0,0.632611597994,0.0114540775619
65,University Hills,5327.0,540.0,4376.0,153.0,19.0,110.0,3.0,10.0,116.0,10.14,82.15,2.87,0.36,2.06,0.06,0.19,2.18,2644.0,2509.0,135.0,2605.0,2722.0,325.0,235.0,228.0,137.0,55.0,43.0,45.0,179.0,534.0,483.0,427.0,387.0,381.0,403.0,375.0,112.0,167.0,73.0,93.0,143.0,123.0,145.0,234.0,560.0,420.0,801.0,910.0,768.0,778.0,445.0,266.0,379.0,925.0,811.0,17.36,15.22,2509.0,927.0,369.0,558.0,1582.0,1251.0,937.0,359.0,578.0,314.0,119.0,65.0,54.0,195.0,76.0,119.0,331.0,193.0,138.0,431.0,2078.0,1251.0,62.0,59.0,0.0,0.0,59.0,0.0,3.0,0.0,0.0,3.0,2644.0,2509.0,135.0,1268.0,391.0,850.0,33.0,8.0,44.0,4.0,7.0,0.0,39.0,1659.0,13.0,248.0,299.0,372.0,190.0,142.0,181.0,134.0,80.0,850.0,59.0,245.0,168.0,123.0,47.0,44.0,28.0,56.0,80.0,0.115736385624,0.000394573675794
74,West Colfax,9740.0,6025.0,2875.0,385.0,138.0,154.0,7.0,26.0,130.0,61.86,29.52,3.95,1.42,1.58,0.07,0.27,1.33,4049.0,3703.0,346.0,4839.0,4901.0,993.0,774.0,640.0,349.0,271.0,173.0,165.0,550.0,939.0,837.0,713.0,534.0,535.0,532.0,432.0,174.0,191.0,122.0,166.0,226.0,180.0,134.0,110.0,1767.0,1260.0,1827.0,1550.0,1069.0,964.0,653.0,406.0,244.0,2756.0,938.0,28.3,9.63,3703.0,1325.0,710.0,615.0,2378.0,1971.0,1006.0,550.0,456.0,965.0,248.0,106.0,142.0,717.0,451.0,266.0,407.0,259.0,148.0,700.0,3003.0,1971.0,210.0,0.0,0.0,0.0,0.0,0.0,210.0,0.0,0.0,210.0,4049.0,3703.0,346.0,775.0,182.0,2746.0,207.0,8.0,46.0,12.0,6.0,0.0,67.0,957.0,15.0,180.0,192.0,189.0,96.0,80.0,99.0,79.0,27.0,2746.0,293.0,652.0,501.0,436.0,160.0,166.0,297.0,176.0,65.0,0.0808735981539,0.000273169976892
75,West Highland,8540.0,1637.0,6472.0,94.0,55.0,145.0,2.0,19.0,116.0,19.17,75.78,1.1,0.64,1.7,0.02,0.22,1.36,4512.0,4256.0,256.0,4144.0,4396.0,554.0,370.0,250.0,130.0,83.0,36.0,51.0,274.0,988.0,1123.0,1004.0,686.0,521.0,564.0,559.0,198.0,224.0,107.0,165.0,210.0,166.0,106.0,171.0,924.0,463.0,1349.0,2127.0,1207.0,1123.0,694.0,376.0,277.0,1304.0,925.0,15.27,10.83,4256.0,1764.0,798.0,966.0,2492.0,1853.0,1449.0,534.0,915.0,404.0,131.0,64.0,67.0,273.0,131.0,142.0,639.0,348.0,291.0,732.0,3524.0,1853.0,220.0,80.0,0.0,37.0,43.0,0.0,140.0,0.0,0.0,140.0,4512.0,4256.0,256.0,2228.0,437.0,1591.0,73.0,13.0,57.0,9.0,18.0,0.0,86.0,2665.0,16.0,527.0,745.0,490.0,273.0,198.0,226.0,114.0,76.0,1591.0,101.0,607.0,286.0,205.0,88.0,80.0,101.0,81.0,42.0,0.0777009144444,0.000305627737848
58,Southmoor Park,3826.0,269.0,3170.0,88.0,6.0,218.0,1.0,2.0,72.0,7.03,82.85,2.3,0.16,5.7,0.03,0.05,1.88,2686.0,2135.0,551.0,1885.0,1941.0,191.0,147.0,104.0,57.0,42.0,37.0,28.0,347.0,645.0,353.0,249.0,237.0,219.0,246.0,179.0,89.0,93.0,60.0,65.0,102.0,82.0,119.0,135.0,338.0,203.0,1057.0,602.0,456.0,425.0,307.0,184.0,254.0,499.0,563.0,13.04,14.72,2135.0,1041.0,477.0,564.0,1094.0,796.0,624.0,207.0,417.0,172.0,50.0,18.0,32.0,122.0,49.0,73.0,298.0,162.0,136.0,339.0,1796.0,796.0,0.0,0.0,0.0,0.0,0.0,0.0,0.0,0.0,0.0,0.0,2686.0,2135.0,551.0,544.0,243.0,1348.0,476.0,0.0,24.0,2.0,22.0,0.0,27.0,787.0,5.0,56.0,127.0,147.0,72.0,85.0,116.0,115.0,64.0,1348.0,239.0,576.0,177.0,153.0,47.0,39.0,26.0,37.0,54.0,0.107785473171,0.000253271092554
38,Indian Creek,3096.0,295.0,2258.0,328.0,11.0,109.0,3.0,5.0,87.0,9.53,72.93,10.59,0.36,3.52,0.1,0.16,2.81,1874.0,1785.0,89.0,1314.0,1782.0,151.0,108.0,97.0,51.0,26.0,17.0,16.0,94.0,314.0,323.0,247.0,227.0,222.0,270.0,261.0,122.0,137.0,70.0,104.0,113.0,58.0,42.0,26.0,259.0,174.0,441.0,570.0,449.0,531.0,433.0,171.0,68.0,407.0,413.0,13.15,13.34,1785.0,900.0,280.0,620.0,885.0,684.0,455.0,135.0,320.0,229.0,57.0,28.0,29.0,172.0,91.0,81.0,201.0,90.0,111.0,251.0,1534.0,684.0,0.0,0.0,0.0,0.0,0.0,0.0,0.0,0.0,0.0,0.0,1874.0,1785.0,89.0,1117.0,210.0,458.0,18.0,3.0,33.0,4.0,11.0,0.0,20.0,1327.0,11.0,214.0,246.0,286.0,147.0,169.0,183.0,58.0,13.0,458.0,34.0,158.0,91.0,79.0,30.0,26.0,30.0,9.0,1.0,0.0689869408097,0.000132556619911
24,East Colfax,10191.0,2824.0,3299.0,2473.0,77.0,1154.0,8.0,11.0,345.0,27.71,32.37,24.27,0.76,11.32,0.08,0.11,3.39,4618.0,4273.0,345.0,5147.0,5044.0,899.0,709.0,638.0,349.0,283.0,188.0,155.0,623.0,1099.0,1049.0,832.0,669.0,678.0,613.0,481.0,176.0,191.0,101.0,118.0,121.0,106.0,56.0,57.0,1608.0,1270.0,2065.0,1881.0,1347.0,1094.0,586.0,227.0,113.0,2595.0,559.0,25.46,5.49,4273.0,1596.0,878.0,718.0,2677.0,2106.0,1200.0,633.0,567.0,906.0,250.0,109.0,141.0,656.0,385.0,271.0,571.0,320.0,251.0,819.0,3454.0,2106.0,0.0,0.0,0.0,0.0,0.0,0.0,0.0,0.0,0.0,0.0,4618.0,4273.0,345.0,1222.0,232.0,2819.0,152.0,3.0,68.0,7.0,5.0,0.0,110.0,1454.0,16.0,274.0,312.0,306.0,162.0,145.0,134.0,85.0,20.0,2819.0,369.0,847.0,608.0,546.0,176.0,124.0,101.0,36.0,12.0,0.0738740055907,0.000290984352468
53,Rosedale,2553.0,275.0,2144.0,39.0,11.0,30.0,0.0,4.0,50.0,10.77,83.98,1.53,0.43,1.18,0.0,0.16,1.96,1380.0,1293.0,87.0,1243.0,1310.0,172.0,101.0,81.0,35.0,28.0,19.0,29.0,107.0,363.0,284.0,227.0,183.0,142.0,153.0,160.0,52.0,70.0,31.0,31.0,36.0,39.0,67.0,143.0,273.0,144.0,518.0,511.0,325.0,313.0,184.0,75.0,210.0,389.0,347.0,15.24,13.59,1293.0,539.0,218.0,321.0,754.0,556.0,408.0,154.0,254.0,148.0,57.0,30.0,27.0,91.0,38.0,53.0,198.0,105.0,93.0,240.0,1053.0,556.0,29.0,0.0,0.0,0.0,0.0,0.0,29.0,0.0,0.0,29.0,1380.0,1293.0,87.0,533.0,114.0,646.0,38.0,5.0,10.0,0.0,4.0,0.0,30.0,647.0,4.0,136.0,147.0,111.0,77.0,61.0,53.0,37.0,21.0,646.0,51.0,184.0,108.0,72.0,32.0,24.0,16.0,53.0,106.0,0.049897734953,0.000153262309551
14,City Park,2907.0,304.0,2182.0,258.0,12.0,69.0,2.0,4.0,76.0,10.46,75.06,8.88,0.41,2.37,0.07,0.14,2.61,1851.0,1645.0,206.0,1410.0,1497.0,137.0,84.0,64.0,31.0,36.0,20.0,25.0,191.0,506.0,429.0,276.0,195.0,144.0,144.0,139.0,76.0,93.0,35.0,57.0,65.0,52.0,61.0,47.0,221.0,131.0,742.0,705.0,339.0,283.0,261.0,117.0,108.0,316.0,317.0,10.87,10.9,1645.0,888.0,426.0,462.0,757.0,462.0,316.0,106.0,210.0,146.0,33.0,17.0,16.0,113.0,71.0,42.0,295.0,158.0,137.0,328.0,1317.0,462.0,145.0,145.0,0.0,0.0,145.0,0.0,0.0,0.0,0.0,0.0,1851.0,1645.0,206.0,488.0,76.0,1081.0,56.0,7.0,108.0,4.0,21.0,0.0,10.0,564.0,4.0,142.0,149.0,92.0,46.0,61.0,50.0,15.0,5.0,1081.0,121.0,471.0,174.0,116.0,35.0,58.0,47.0,43.0,16.0,0.0599408487597,0.000209148264498
42,Lowry Field,8067.0,800.0,5957.0,794.0,23.0,271.0,5.0,14.0,203.0,9.92,73.84,9.84,0.29,3.36,0.06,0.17,2.52,4113.0,3829.0,284.0,3678.0,4389.0,702.0,683.0,424.0,191.0,92.0,58.0,63.0,335.0,883.0,759.0,810.0,684.0,487.0,403.0,414.0,158.0,207.0,81.0,97.0,146.0,95.0,106.0,189.0,1385.0,707.0,1339.0,1569.0,1171.0,817.0,543.0,241.0,295.0,2000.0,714.0,24.79,8.85,3829.0,1603.0,570.0,1033.0,2226.0,1844.0,1401.0,751.0,650.0,443.0,80.0,55.0,25.0,363.0,246.0,117.0,382.0,188.0,194.0,453.0,3376.0,1844.0,23.0,23.0,0.0,23.0,0.0,0.0,0.0,0.0,0.0,0.0,4113.0,3829.0,284.0,1640.0,242.0,1947.0,130.0,5.0,94.0,7.0,30.0,0.0,18.0,1882.0,15.0,332.0,582.0,346.0,185.0,174.0,147.0,63.0,38.0,1947.0,221.0,670.0,349.0,239.0,99.0,74.0,81.0,83.0,131.0,0.134351255578,0.000701650779051
35,Harvey Park South,8393.0,3925.0,3641.0,171.0,54.0,464.0,11.0,17.0,110.0,46.77,43.38,2.04,0.64,5.53,0.13,0.2,1.31,3255.0,3102.0,153.0,4090.0,4303.0,635.0,568.0,531.0,331.0,240.0,96.0,99.0,372.0,682.0,609.0,514.0,481.0,544.0,599.0,502.0,166.0,219.0,128.0,153.0,252.0,273.0,221.0,178.0,1203.0,1102.0,1249.0,1123.0,1025.0,1101.0,666.0,525.0,399.0,2065.0,1205.0,24.6,14.36,3102.0,851.0,343.0,508.0,2251.0,2062.0,1398.0,563.0,835.0,664.0,206.0,92.0,114.0,458.0,249.0,209.0,189.0,103.0,86.0,369.0,2733.0,2062.0,232.0,195.0,98.0,0.0,97.0,0.0,37.0,37.0,0.0,0.0,3255.0,3102.0,153.0,1318.0,607.0,1177.0,86.0,1.0,33.0,6.0,4.0,0.0,23.0,1925.0,11.0,209.0,282.0,420.0,214.0,159.0,219.0,299.0,112.0,1177.0,131.0,344.0,216.0,197.0,75.0,60.0,86.0,48.0,20.0,0.08655874858,0.000371858390255
28,Gateway / Green Valley Ranch,29201.0,10818.0,7003.0,8305.0,108.0,1655.0,110.0,65.0,1137.0,37.05,23.98,28.44,0.37,5.67,0.38,0.22,3.89,9900.0,9427.0,473.0,14160.0,15041.0,3071.0,3005.0,2620.0,1378.0,681.0,315.0,310.0,1110.0,2527.0,2835.0,2730.0,2218.0,1860.0,1501.0,1270.0,399.0,427.0,234.0,243.0,243.0,115.0,70.0,39.0,6076.0,4679.0,4262.0,5565.0,4078.0,2771.0,1303.0,358.0,109.0,10074.0,944.0,34.5,3.23,9427.0,1819.0,908.0,911.0,7608.0,7056.0,4907.0,3051.0,1856.0,2149.0,589.0,353.0,236.0,1560.0,1102.0,458.0,552.0,322.0,230.0,1215.0,8212.0,7056.0,0.0,0.0,0.0,0.0,0.0,0.0,0.0,0.0,0.0,0.0,9900.0,9427.0,473.0,6471.0,179.0,2777.0,118.0,7.0,180.0,12.0,18.0,0.0,138.0,6650.0,169.0,1602.0,2071.0,1513.0,573.0,363.0,300.0,55.0,4.0,2777.0,321.0,946.0,706.0,462.0,164.0,100.0,58.0,18.0,2.0,0.21627264102,0.00200481576703
5,Barnum West,5376.0,4016.0,1151.0,40.0,53.0,81.0,2.0,5.0,28.0,74.7,21.41,0.74,0.99,1.51,0.04,0.09,0.52,1811.0,1704.0,107.0,2754.0,2622.0,483.0,437.0,406.0,253.0,170.0,83.0,98.0,253.0,419.0,357.0,354.0,372.0,324.0,316.0,266.0,76.0,116.0,69.0,110.0,156.0,115.0,88.0,55.0,920.0,829.0,853.0,711.0,696.0,582.0,371.0,271.0,143.0,1579.0,593.0,29.37,11.03,1704.0,381.0,180.0,201.0,1323.0,1207.0,776.0,391.0,385.0,431.0,154.0,68.0,86.0,277.0,126.0,151.0,116.0,67.0,49.0,260.0,1444.0,1207.0,0.0,0.0,0.0,0.0,0.0,0.0,0.0,0.0,0.0,0.0,1811.0,1704.0,107.0,895.0,262.0,547.0,16.0,2.0,32.0,8.0,4.0,0.0,45.0,1157.0,27.0,158.0,203.0,256.0,126.0,86.0,160.0,107.0,34.0,547.0,43.0,130.0,136.0,82.0,30.0,29.0,51.0,33.0,13.0,0.0565555024116,0.000196925983155
46,Montclair,5456.0,461.0,4245.0,480.0,27.0,107.0,5.0,9.0,122.0,8.45,77.8,8.8,0.49,1.96,0.09,0.16,2.24,2871.0,2706.0,165.0,2626.0,2830.0,370.0,271.0,214.0,128.0,113.0,54.0,59.0,152.0,420.0,507.0,541.0,479.0,412.0,374.0,452.0,175.0,196.0,92.0,105.0,120.0,69.0,69.0,84.0,641.0,455.0,685.0,1048.0,891.0,826.0,568.0,189.0,153.0,983.0,539.0,18.02,9.88,2706.0,1061.0,443.0,618.0,1645.0,1282.0,972.0,415.0,557.0,310.0,76.0,42.0,34.0,234.0,142.0,92.0,363.0,205.0,158.0,440.0,2266.0,1282.0,2.0,0.0,0.0,0.0,0.0,0.0,2.0,0.0,0.0,2.0,2871.0,2706.0,165.0,1509.0,351.0,846.0,43.0,3.0,61.0,5.0,16.0,0.0,37.0,1860.0,9.0,267.0,426.0,389.0,229.0,218.0,181.0,85.0,56.0,846.0,122.0,213.0,192.0,129.0,68.0,53.0,43.0,17.0,9.0,0.067762791817,0.000275503183105
51,Platt Park,5393.0,329.0,4778.0,55.0,12.0,98.0,3.0,2.0,116.0,6.1,88.6,1.02,0.22,1.82,0.06,0.04,2.15,2840.0,2677.0,163.0,2603.0,2790.0,400.0,198.0,156.0,96.0,50.0,30.0,27.0,222.0,710.0,671.0,590.0,447.0,392.0,365.0,369.0,149.0,181.0,64.0,67.0,71.0,40.0,48.0,50.0,598.0,302.0,989.0,1261.0,839.0,734.0,461.0,111.0,98.0,850.0,340.0,15.76,6.3,2677.0,967.0,431.0,536.0,1710.0,1234.0,1000.0,407.0,593.0,234.0,65.0,28.0,37.0,169.0,80.0,89.0,476.0,261.0,215.0,528.0,2149.0,1234.0,3.0,0.0,0.0,0.0,0.0,0.0,3.0,0.0,0.0,3.0,2840.0,2677.0,163.0,1420.0,314.0,943.0,30.0,9.0,36.0,19.0,15.0,0.0,54.0,1734.0,17.0,294.0,466.0,370.0,202.0,175.0,118.0,59.0,33.0,943.0,87.0,430.0,175.0,115.0,49.0,40.0,34.0,8.0,5.0,0.0599688827619,0.00022254454328
43,Mar Lee,12452.0,8571.0,3015.0,176.0,81.0,449.0,6.0,23.0,131.0,68.83,24.21,1.41,0.65,3.61,0.05,0.18,1.05,4198.0,3973.0,225.0,6291.0,6161.0,1115.0,1100.0,900.0,570.0,366.0,183.0,160.0,519.0,1054.0,974.0,928.0,775.0,765.0,768.0,589.0,198.0,266.0,171.0,199.0,252.0,208.0,226.0,166.0,2215.0,1836.0,1916.0,1902.0,1540.0,1357.0,834.0,460.0,392.0,3685.0,1222.0,29.59,9.81,3973.0,929.0,454.0,475.0,3044.0,2771.0,1792.0,945.0,847.0,979.0,299.0,126.0,173.0,680.0,362.0,318.0,273.0,172.0,101.0,634.0,3339.0,2771.0,159.0,154.0,0.0,0.0,154.0,0.0,5.0,0.0,0.0,5.0,4198.0,3973.0,225.0,1936.0,539.0,1498.0,83.0,3.0,59.0,15.0,3.0,0.0,62.0,2475.0,65.0,366.0,419.0,550.0,243.0,201.0,289.0,242.0,100.0,1498.0,125.0,480.0,378.0,261.0,93.0,58.0,64.0,32.0,7.0,0.0854619735209,0.000409949736722
76,Westwood,15486.0,12492.0,1764.0,256.0,148.0,674.0,3.0,41.0,108.0,80.67,11.39,1.65,0.96,4.35,0.02,0.26,0.7,4717.0,4340.0,377.0,7928.0,7558.0,1733.0,1732.0,1417.0,796.0,498.0,234.0,242.0,678.0,1199.0,1186.0,1213.0,989.0,835.0,664.0,577.0,185.0,249.0,166.0,192.0,303.0,177.0,127.0,94.0,3465.0,2711.0,2353.0,2399.0,1824.0,1241.0,792.0,480.0,221.0,5678.0,1059.0,36.67,6.84,4340.0,776.0,437.0,339.0,3564.0,3306.0,1997.0,1266.0,731.0,1309.0,377.0,165.0,212.0,932.0,622.0,310.0,258.0,165.0,93.0,706.0,3634.0,3306.0,26.0,0.0,0.0,0.0,0.0,0.0,26.0,0.0,0.0,26.0,4717.0,4340.0,377.0,1437.0,464.0,2439.0,141.0,9.0,69.0,8.0,5.0,0.0,145.0,1901.0,50.0,258.0,401.0,405.0,194.0,154.0,239.0,145.0,55.0,2439.0,232.0,686.0,687.0,376.0,134.0,107.0,144.0,63.0,10.0,0.0854874772424,0.000407108759671
72,Washington Virginia Vale,13030.0,1770.0,8003.0,1943.0,57.0,858.0,14.0,37.0,348.0,13.58,61.42,14.91,0.44,6.58,0.11,0.28,2.67,7154.0,6646.0,508.0,6273.0,6757.0,815.0,643.0,489.0,305.0,241.0,198.0,177.0,720.0,1471.0,1177.0,973.0,762.0,799.0,812.0,761.0,289.0,402.0,216.0,270.0,455.0,387.0,335.0,333.0,1458.0,1035.0,2566.0,2150.0,1561.0,1573.0,1177.0,842.0,668.0,2252.0,1996.0,17.28,15.32,6646.0,3102.0,1427.0,1675.0,3544.0,2808.0,1849.0,701.0,1148.0,959.0,265.0,104.0,161.0,694.0,387.0,307.0,736.0,407.0,329.0,917.0,5729.0,2808.0,160.0,150.0,0.0,0.0,150.0,0.0,10.0,0.0,0.0,10.0,7154.0,6646.0,508.0,1914.0,673.0,4059.0,323.0,13.0,61.0,11.0,36.0,2.0,62.0,2587.0,24.0,299.0,426.0,507.0,286.0,300.0,361.0,278.0,106.0,4059.0,516.0,1222.0,700.0,564.0,221.0,199.0,282.0,229.0,126.0,0.131459265857,0.000497447290214
68,Villa Park,8758.0,6829.0,1489.0,163.0,124.0,67.0,3.0,17.0,66.0,77.97,17.0,1.86,1.42,0.77,0.03,0.19,0.75,3066.0,2819.0,247.0,4528.0,4230.0,818.0,836.0,687.0,400.0,252.0,117.0,141.0,385.0,745.0,782.0,708.0,539.0,521.0,441.0,408.0,125.0,170.0,88.0,145.0,174.0,118.0,81.0,77.0,1654.0,1339.0,1388.0,1490.0,1060.0,849.0,528.0,292.0,158.0,2741.0,683.0,31.3,7.8,2819.0,743.0,367.0,376.0,2076.0,1834.0,1073.0,616.0,457.0,761.0,232.0,98.0,134.0,529.0,295.0,234.0,242.0,156.0,86.0,511.0,2308.0,1834.0,0.0,0.0,0.0,0.0,0.0,0.0,0.0,0.0,0.0,0.0,3066.0,2819.0,247.0,942.0,243.0,1634.0,132.0,11.0,40.0,14.0,3.0,0.0,47.0,1185.0,17.0,185.0,214.0,259.0,137.0,98.0,151.0,87.0,37.0,1634.0,117.0,434.0,376.0,296.0,123.0,103.0,128.0,46.0,11.0,0.0858214251045,0.000269068246575
31,Hale,6936.0,773.0,5132.0,451.0,30.0,336.0,4.0,19.0,191.0,11.14,73.99,6.5,0.43,4.84,0.06,0.27,2.75,4310.0,3884.0,426.0,3521.0,3415.0,431.0,240.0,188.0,128.0,47.0,52.0,42.0,295.0,815.0,808.0,675.0,600.0,483.0,516.0,534.0,214.0,241.0,102.0,129.0,101.0,93.0,83.0,119.0,671.0,363.0,1204.0,1483.0,1083.0,1050.0,686.0,194.0,202.0,987.0,627.0,14.23,9.04,3884.0,1999.0,984.0,1015.0,1885.0,1395.0,1017.0,410.0,607.0,378.0,110.0,52.0,58.0,268.0,158.0,110.0,490.0,287.0,203.0,583.0,3301.0,1395.0,71.0,46.0,0.0,0.0,46.0,0.0,25.0,0.0,0.0,25.0,4310.0,3884.0,426.0,1502.0,395.0,1987.0,274.0,2.0,57.0,10.0,27.0,0.0,56.0,1897.0,19.0,327.0,432.0,356.0,239.0,187.0,170.0,101.0,66.0,1987.0,170.0,674.0,422.0,311.0,157.0,133.0,75.0,31.0,14.0,0.0657645432871,0.000264801769379
48,North Park Hill,9382.0,1310.0,4087.0,3492.0,24.0,95.0,1.0,37.0,336.0,13.96,43.56,37.22,0.26,1.01,0.01,0.39,3.58,4038.0,3859.0,179.0,4421.0,4961.0,718.0,581.0,532.0,348.0,171.0,83.0,74.0,218.0,634.0,832.0,837.0,731.0,616.0,643.0,574.0,218.0,268.0,170.0,226.0,286.0,292.0,173.0,157.0,1299.0,1051.0,1009.0,1669.0,1347.0,1217.0,882.0,578.0,330.0,2179.0,1304.0,23.23,13.9,3859.0,1105.0,421.0,684.0,2754.0,2398.0,1585.0,677.0,908.0,813.0,170.0,79.0,91.0,643.0,262.0,381.0,356.0,191.0,165.0,505.0,3354.0,2398.0,0.0,0.0,0.0,0.0,0.0,0.0,0.0,0.0,0.0,0.0,4038.0,3859.0,179.0,2599.0,566.0,694.0,28.0,3.0,76.0,13.0,3.0,0.0,56.0,3165.0,12.0,453.0,697.0,561.0,305.0,280.0,421.0,324.0,112.0,694.0,33.0,197.0,154.0,160.0,40.0,40.0,44.0,20.0,6.0,0.0962330803349,0.000406786606845
57,South Park Hill,8590.0,762.0,6650.0,685.0,41.0,207.0,2.0,26.0,217.0,8.87,77.42,7.97,0.48,2.41,0.02,0.3,2.53,3635.0,3449.0,186.0,4105.0,4485.0,604.0,555.0,418.0,274.0,414.0,147.0,83.0,224.0,413.0,562.0,720.0,669.0,618.0,611.0,684.0,260.0,447.0,196.0,188.0,194.0,111.0,99.0,99.0,1159.0,1106.0,867.0,1282.0,1287.0,1295.0,1091.0,305.0,198.0,1851.0,887.0,21.55,10.33,3449.0,961.0,413.0,548.0,2488.0,2169.0,1799.0,789.0,1010.0,370.0,89.0,53.0,36.0,281.0,146.0,135.0,319.0,180.0,139.0,412.0,3037.0,2169.0,573.0,34.0,0.0,34.0,0.0,0.0,539.0,531.0,0.0,8.0,3635.0,3449.0,186.0,2177.0,575.0,697.0,41.0,1.0,58.0,11.0,10.0,0.0,65.0,2752.0,10.0,262.0,626.0,587.0,342.0,389.0,333.0,139.0,64.0,697.0,48.0,185.0,136.0,150.0,60.0,46.0,44.0,17.0,11.0,0.0961846045143,0.000405664444217
40,Kennedy,4464.0,1210.0,1587.0,747.0,20.0,686.0,3.0,6.0,205.0,27.11,35.55,16.73,0.45,15.37,0.07,0.13,4.59,2591.0,2261.0,330.0,2469.0,1995.0,391.0,239.0,123.0,69.0,102.0,81.0,134.0,445.0,915.0,596.0,374.0,271.0,185.0,226.0,139.0,53.0,48.0,20.0,16.0,18.0,8.0,8.0,3.0,630.0,294.0,1575.0,970.0,456.0,365.0,137.0,26.0,11.0,822.0,73.0,18.41,1.64,2261.0,1028.0,642.0,386.0,1233.0,871.0,518.0,285.0,233.0,353.0,162.0,65.0,97.0,191.0,126.0,65.0,362.0,218.0,144.0,465.0,1796.0,871.0,0.0,0.0,0.0,0.0,0.0,0.0,0.0,0.0,0.0,0.0,2591.0,2261.0,330.0,15.0,2.0,2244.0,300.0,5.0,6.0,1.0,2.0,0.0,16.0,17.0,3.0,10.0,2.0,1.0,0.0,1.0,0.0,0.0,0.0,2244.0,400.0,873.0,454.0,295.0,96.0,77.0,37.0,10.0,2.0,0.0769793419143,0.00019086113097
19,College View / South Platte,6498.0,4408.0,1228.0,165.0,78.0,515.0,12.0,18.0,74.0,67.84,18.9,2.54,1.2,7.93,0.18,0.28,1.14,2241.0,2038.0,203.0,3459.0,3039.0,625.0,589.0,516.0,307.0,189.0,106.0,98.0,306.0,505.0,506.0,530.0,463.0,435.0,385.0,291.0,100.0,132.0,68.0,92.0,113.0,55.0,46.0,41.0,1214.0,1012.0,1015.0,1036.0,898.0,676.0,392.0,168.0,87.0,2037.0,415.0,31.35,6.39,2038.0,454.0,279.0,175.0,1584.0,1395.0,808.0,463.0,345.0,587.0,207.0,87.0,120.0,380.0,229.0,151.0,189.0,136.0,53.0,410.0,1628.0,1395.0,15.0,0.0,0.0,0.0,0.0,0.0,15.0,0.0,0.0,15.0,2241.0,2038.0,203.0,661.0,200.0,1177.0,129.0,2.0,24.0,4.0,4.0,0.0,40.0,861.0,25.0,106.0,182.0,214.0,85.0,82.0,101.0,47.0,19.0,1177.0,94.0,302.0,318.0,246.0,73.0,55.0,66.0,19.0,4.0,0.142853097171,0.000395951606563
33,Hampden South,14370.0,1609.0,10409.0,1322.0,44.0,572.0,7.0,36.0,371.0,11.2,72.44,9.2,0.31,3.98,0.05,0.25,2.58,7787.0,7243.0,544.0,6974.0,7396.0,927.0,782.0,600.0,330.0,189.0,91.0,123.0,741.0,1460.0,1125.0,1035.0,901.0,878.0,967.0,962.0,371.0,536.0,283.0,397.0,535.0,509.0,366.0,262.0,1709.0,1119.0,2415.0,2160.0,1779.0,1929.0,1587.0,1044.0,628.0,2639.0,2352.0,18.36,16.37,7243.0,3168.0,1404.0,1764.0,4075.0,3481.0,2633.0,916.0,1717.0,848.0,250.0,113.0,137.0,598.0,329.0,269.0,594.0,330.0,264.0,761.0,6482.0,3481.0,10.0,0.0,0.0,0.0,0.0,0.0,10.0,0.0,0.0,10.0,7787.0,7243.0,544.0,2865.0,1192.0,3186.0,223.0,12.0,146.0,11.0,80.0,0.0,72.0,4057.0,32.0,412.0,621.0,775.0,425.0,453.0,670.0,526.0,143.0,3186.0,441.0,1149.0,556.0,387.0,198.0,146.0,150.0,91.0,68.0,0.120253654305,0.000791261777249
49,Northeast Park Hill,7822.0,2370.0,1058.0,3969.0,56.0,75.0,0.0,18.0,276.0,30.3,13.53,50.74,0.72,0.96,0.0,0.23,3.53,3013.0,2723.0,290.0,3736.0,4086.0,628.0,668.0,518.0,384.0,201.0,123.0,70.0,307.0,661.0,633.0,534.0,477.0,525.0,516.0,402.0,125.0,155.0,104.0,154.0,243.0,190.0,117.0,87.0,1296.0,1103.0,1161.0,1167.0,1002.0,918.0,538.0,433.0,204.0,2198.0,895.0,28.1,11.44,2723.0,819.0,340.0,479.0,1904.0,1692.0,792.0,384.0,408.0,900.0,160.0,61.0,99.0,740.0,388.0,352.0,212.0,119.0,93.0,395.0,2328.0,1692.0,467.0,172.0,121.0,0.0,51.0,0.0,295.0,0.0,0.0,295.0,3013.0,2723.0,290.0,1019.0,260.0,1444.0,126.0,3.0,54.0,5.0,4.0,0.0,98.0,1279.0,22.0,231.0,212.0,200.0,119.0,91.0,203.0,160.0,41.0,1444.0,87.0,319.0,298.0,307.0,134.0,87.0,135.0,58.0,19.0,0.132033778222,0.000906815018912
25,Elyria Swansea,6401.0,5367.0,564.0,357.0,34.0,20.0,0.0,17.0,42.0,83.85,8.81,5.58,0.53,0.31,0.0,0.27,0.66,1844.0,1695.0,149.0,3280.0,3121.0,743.0,700.0,559.0,320.0,213.0,85.0,95.0,315.0,489.0,479.0,439.0,384.0,383.0,299.0,274.0,81.0,100.0,59.0,86.0,103.0,87.0,62.0,46.0,1443.0,1092.0,984.0,918.0,767.0,573.0,326.0,190.0,108.0,2322.0,443.0,36.28,6.92,1695.0,286.0,173.0,113.0,1409.0,1305.0,810.0,499.0,311.0,495.0,169.0,70.0,99.0,326.0,196.0,130.0,104.0,72.0,32.0,289.0,1406.0,1305.0,39.0,39.0,39.0,0.0,0.0,0.0,0.0,0.0,0.0,0.0,1844.0,1695.0,149.0,601.0,212.0,882.0,46.0,3.0,23.0,12.0,2.0,0.0,63.0,813.0,16.0,93.0,147.0,173.0,103.0,70.0,104.0,83.0,24.0,882.0,74.0,250.0,240.0,171.0,52.0,27.0,39.0,22.0,7.0,0.112046605426,0.000706506080081
50,Overland,2218.0,678.0,1337.0,75.0,17.0,47.0,3.0,7.0,54.0,30.57,60.28,3.38,0.77,2.12,0.14,0.32,2.43,1289.0,1044.0,245.0,1195.0,1023.0,132.0,90.0,73.0,56.0,77.0,28.0,33.0,174.0,310.0,252.0,162.0,141.0,138.0,161.0,132.0,37.0,55.0,37.0,36.0,38.0,23.0,23.0,10.0,222.0,206.0,545.0,414.0,279.0,293.0,165.0,61.0,33.0,351.0,167.0,15.83,7.53,1044.0,434.0,252.0,182.0,610.0,409.0,240.0,88.0,152.0,169.0,71.0,29.0,42.0,98.0,40.0,58.0,201.0,117.0,84.0,255.0,789.0,409.0,41.0,0.0,0.0,0.0,0.0,0.0,41.0,0.0,0.0,41.0,1289.0,1044.0,245.0,364.0,86.0,594.0,186.0,5.0,25.0,7.0,0.0,0.0,22.0,450.0,11.0,75.0,87.0,92.0,56.0,41.0,55.0,26.0,7.0,594.0,96.0,216.0,100.0,91.0,35.0,21.0,24.0,10.0,1.0,0.0822778814149,0.000305341898031
12,Cheesman Park,7971.0,715.0,6548.0,342.0,45.0,152.0,5.0,17.0,147.0,8.97,82.15,4.29,0.56,1.91,0.06,0.21,1.84,5834.0,5343.0,491.0,4116.0,3855.0,210.0,128.0,104.0,68.0,40.0,38.0,78.0,574.0,1503.0,1035.0,717.0,535.0,515.0,476.0,473.0,211.0,314.0,150.0,176.0,200.0,153.0,143.0,130.0,338.0,212.0,2193.0,1752.0,1050.0,949.0,851.0,353.0,273.0,510.0,952.0,6.4,11.94,5343.0,3397.0,1721.0,1676.0,1946.0,1000.0,697.0,138.0,559.0,303.0,81.0,41.0,40.0,222.0,136.0,86.0,946.0,553.0,393.0,999.0,4344.0,1000.0,154.0,119.0,0.0,16.0,103.0,0.0,35.0,0.0,0.0,35.0,5834.0,5343.0,491.0,1182.0,355.0,3806.0,266.0,17.0,49.0,7.0,82.0,0.0,70.0,1537.0,20.0,279.0,274.0,274.0,157.0,188.0,208.0,108.0,29.0,3806.0,411.0,1476.0,660.0,468.0,211.0,210.0,185.0,129.0,56.0,0.0478888187291,0.000143319675975
37,Hilltop,8190.0,486.0,6895.0,403.0,17.0,226.0,2.0,13.0,148.0,5.93,84.19,4.92,0.21,2.76,0.02,0.16,1.81,3568.0,3383.0,185.0,3863.0,4327.0,510.0,661.0,568.0,277.0,97.0,37.0,38.0,158.0,311.0,353.0,515.0,588.0,583.0,630.0,748.0,251.0,361.0,185.0,222.0,263.0,243.0,241.0,350.0,1171.0,942.0,544.0,868.0,1171.0,1378.0,1019.0,506.0,591.0,2016.0,1504.0,24.62,18.36,3383.0,947.0,321.0,626.0,2436.0,2218.0,1885.0,847.0,1038.0,333.0,90.0,57.0,33.0,243.0,145.0,98.0,218.0,130.0,88.0,290.0,3093.0,2218.0,135.0,135.0,0.0,0.0,135.0,0.0,0.0,0.0,0.0,0.0,3568.0,3383.0,185.0,1656.0,782.0,945.0,42.0,6.0,50.0,17.0,29.0,0.0,41.0,2438.0,6.0,113.0,406.0,548.0,355.0,301.0,338.0,227.0,144.0,945.0,42.0,187.0,180.0,149.0,69.0,71.0,85.0,86.0,76.0,0.112243841713,0.000468838711463
41,Lincoln Park,6119.0,2507.0,2518.0,693.0,61.0,163.0,1.0,21.0,155.0,40.97,41.15,11.33,1.0,2.66,0.02,0.34,2.53,2903.0,2741.0,162.0,3126.0,2993.0,447.0,409.0,318.0,191.0,177.0,150.0,147.0,567.0,880.0,536.0,459.0,323.0,298.0,298.0,281.0,87.0,121.0,61.0,77.0,110.0,82.0,55.0,45.0,856.0,686.0,1744.0,995.0,621.0,579.0,346.0,192.0,100.0,1365.0,430.0,22.31,7.03,2741.0,1159.0,650.0,509.0,1582.0,1044.0,427.0,168.0,259.0,617.0,123.0,53.0,70.0,494.0,322.0,172.0,538.0,294.0,244.0,651.0,2090.0,1044.0,319.0,71.0,0.0,0.0,28.0,43.0,248.0,0.0,0.0,248.0,2903.0,2741.0,162.0,628.0,134.0,1979.0,82.0,3.0,20.0,3.0,18.0,0.0,36.0,762.0,30.0,222.0,184.0,108.0,72.0,51.0,56.0,26.0,13.0,1979.0,425.0,561.0,273.0,253.0,125.0,88.0,149.0,81.0,24.0,0.0817253828467,0.000347249483971
2,Auraria,705.0,62.0,555.0,27.0,5.0,29.0,2.0,1.0,24.0,8.79,78.72,3.83,0.71,4.11,0.28,0.14,3.4,69.0,60.0,9.0,352.0,353.0,1.0,0.0,0.0,6.0,424.0,85.0,34.0,51.0,34.0,7.0,14.0,8.0,4.0,13.0,8.0,7.0,3.0,2.0,0.0,3.0,0.0,1.0,0.0,1.0,430.0,204.0,21.0,12.0,21.0,12.0,3.0,1.0,7.0,6.0,0.99,0.85,60.0,37.0,27.0,10.0,23.0,15.0,13.0,1.0,12.0,2.0,0.0,0.0,0.0,2.0,1.0,1.0,8.0,5.0,3.0,8.0,52.0,15.0,621.0,0.0,0.0,0.0,0.0,0.0,621.0,621.0,0.0,0.0,69.0,60.0,9.0,34.0,5.0,21.0,3.0,0.0,2.0,0.0,4.0,0.0,0.0,39.0,1.0,3.0,10.0,8.0,4.0,9.0,3.0,1.0,0.0,21.0,4.0,6.0,5.0,4.0,2.0,0.0,0.0,0.0,0.0,0.0556619107902,0.000175680302765
7,Belcaro,4172.0,179.0,3776.0,46.0,12.0,97.0,2.0,6.0,54.0,4.29,90.51,1.1,0.29,2.33,0.05,0.14,1.29,2444.0,2126.0,318.0,2009.0,2163.0,192.0,186.0,180.0,88.0,45.0,15.0,22.0,102.0,204.0,233.0,260.0,280.0,295.0,333.0,347.0,161.0,237.0,119.0,155.0,208.0,174.0,160.0,176.0,378.0,313.0,343.0,493.0,575.0,680.0,672.0,382.0,336.0,646.0,992.0,15.48,23.78,2126.0,824.0,327.0,497.0,1302.0,1162.0,1018.0,309.0,709.0,144.0,52.0,22.0,30.0,92.0,34.0,58.0,140.0,84.0,56.0,180.0,1946.0,1162.0,0.0,0.0,0.0,0.0,0.0,0.0,0.0,0.0,0.0,0.0,2444.0,2126.0,318.0,1048.0,643.0,435.0,83.0,2.0,102.0,26.0,80.0,0.0,25.0,1691.0,3.0,106.0,215.0,334.0,180.0,228.0,290.0,213.0,122.0,435.0,56.0,135.0,90.0,54.0,23.0,29.0,17.0,16.0,15.0,0.0774812996843,0.000316915343114
78,Windsor,12589.0,2596.0,6904.0,2275.0,38.0,447.0,15.0,23.0,291.0,20.62,54.84,18.07,0.3,3.55,0.12,0.18,2.31,8210.0,7204.0,1006.0,5621.0,6968.0,687.0,545.0,389.0,198.0,161.0,121.0,139.0,648.0,1277.0,956.0,772.0,610.0,592.0,640.0,714.0,310.0,447.0,275.0,397.0,584.0,640.0,690.0,797.0,1232.0,748.0,2185.0,1728.0,1202.0,1354.0,1429.0,1224.0,1487.0,1819.0,3383.0,14.45,26.87,7204.0,3944.0,1415.0,2529.0,3260.0,2590.0,1678.0,481.0,1197.0,912.0,266.0,116.0,150.0,646.0,333.0,313.0,670.0,373.0,297.0,860.0,6344.0,2590.0,45.0,45.0,0.0,0.0,45.0,0.0,0.0,0.0,0.0,0.0,8210.0,7204.0,1006.0,1748.0,1462.0,3994.0,587.0,9.0,168.0,12.0,90.0,0.0,140.0,3210.0,17.0,123.0,186.0,275.0,271.0,370.0,672.0,818.0,478.0,3994.0,415.0,1192.0,727.0,546.0,241.0,193.0,260.0,246.0,174.0,0.123097952376,0.000464960730424
56,Sloan Lake,7238.0,2376.0,4274.0,124.0,82.0,254.0,1.0,10.0,117.0,32.83,59.05,1.71,1.13,3.51,0.01,0.14,1.62,3754.0,3499.0,255.0,3452.0,3786.0,546.0,328.0,281.0,169.0,93.0,50.0,38.0,249.0,647.0,896.0,716.0,522.0,442.0,426.0,440.0,160.0,218.0,92.0,143.0,217.0,195.0,180.0,190.0,874.0,543.0,984.0,1612.0,964.0,866.0,613.0,412.0,370.0,1324.0,1017.0,18.29,14.05,3499.0,1421.0,587.0,834.0,2078.0,1644.0,1161.0,434.0,727.0,483.0,133.0,51.0,82.0,350.0,193.0,157.0,434.0,240.0,194.0,547.0,2952.0,1644.0,32.0,0.0,0.0,0.0,0.0,0.0,32.0,0.0,0.0,32.0,3754.0,3499.0,255.0,1582.0,338.0,1579.0,92.0,17.0,67.0,9.0,8.0,0.0,62.0,1920.0,9.0,382.0,504.0,334.0,187.0,168.0,169.0,108.0,59.0,1579.0,93.0,415.0,253.0,166.0,104.0,89.0,168.0,185.0,106.0,0.0852269565762,0.000380878246053
8,Berkeley,8112.0,2214.0,5585.0,61.0,44.0,81.0,4.0,5.0,118.0,27.29,68.85,0.75,0.54,1.0,0.05,0.06,1.45,4322.0,4049.0,273.0,3884.0,4228.0,532.0,355.0,273.0,145.0,105.0,49.0,55.0,254.0,737.0,1070.0,862.0,663.0,510.0,513.0,546.0,198.0,221.0,132.0,141.0,179.0,176.0,162.0,234.0,887.0,523.0,1095.0,1932.0,1173.0,1059.0,692.0,355.0,396.0,1305.0,1024.0,16.09,12.62,4049.0,1668.0,709.0,959.0,2381.0,1843.0,1345.0,493.0,852.0,498.0,151.0,60.0,91.0,347.0,156.0,191.0,538.0,277.0,261.0,673.0,3376.0,1843.0,49.0,39.0,0.0,39.0,0.0,0.0,10.0,0.0,0.0,10.0,4322.0,4049.0,273.0,2130.0,459.0,1460.0,79.0,5.0,77.0,12.0,19.0,0.0,81.0,2589.0,13.0,511.0,667.0,482.0,259.0,208.0,206.0,156.0,87.0,1460.0,77.0,415.0,261.0,182.0,89.0,81.0,118.0,120.0,117.0,0.086158301584,0.000407890326934
52,Regis,3934.0,1192.0,2496.0,45.0,23.0,81.0,6.0,11.0,80.0,30.3,63.45,1.14,0.58,2.06,0.15,0.28,2.03,1686.0,1586.0,100.0,1884.0,2050.0,175.0,147.0,150.0,84.0,394.0,183.0,119.0,185.0,258.0,307.0,281.0,256.0,240.0,255.0,255.0,84.0,114.0,65.0,70.0,122.0,64.0,67.0,59.0,322.0,628.0,745.0,588.0,496.0,510.0,333.0,186.0,126.0,556.0,447.0,14.13,11.36,1586.0,610.0,288.0,322.0,976.0,788.0,550.0,170.0,380.0,238.0,79.0,29.0,50.0,159.0,76.0,83.0,188.0,87.0,101.0,256.0,1330.0,788.0,556.0,0.0,0.0,0.0,0.0,0.0,556.0,533.0,0.0,23.0,1686.0,1586.0,100.0,853.0,230.0,503.0,22.0,4.0,24.0,15.0,2.0,0.0,33.0,1083.0,13.0,154.0,215.0,226.0,126.0,108.0,123.0,77.0,41.0,503.0,78.0,110.0,85.0,70.0,24.0,29.0,72.0,27.0,8.0,0.096893368558,0.000277221199925
61,Sun Valley,1448.0,780.0,111.0,376.0,18.0,122.0,0.0,0.0,41.0,53.87,7.67,25.97,1.24,8.43,0.0,0.0,2.83,474.0,451.0,23.0,580.0,868.0,339.0,211.0,137.0,95.0,55.0,24.0,33.0,78.0,102.0,68.0,61.0,62.0,41.0,29.0,36.0,9.0,17.0,5.0,13.0,13.0,10.0,6.0,4.0,550.0,287.0,237.0,129.0,103.0,65.0,44.0,23.0,10.0,782.0,51.0,54.01,3.52,451.0,63.0,29.0,34.0,388.0,381.0,64.0,48.0,16.0,317.0,25.0,13.0,12.0,292.0,262.0,30.0,7.0,2.0,5.0,37.0,414.0,381.0,39.0,39.0,0.0,39.0,0.0,0.0,0.0,0.0,0.0,0.0,474.0,451.0,23.0,10.0,9.0,432.0,4.0,7.0,1.0,0.0,2.0,0.0,9.0,19.0,1.0,1.0,5.0,5.0,3.0,1.0,1.0,2.0,0.0,432.0,115.0,118.0,78.0,41.0,22.0,22.0,23.0,9.0,4.0,0.0620039739241,0.000174790937762
73,Wellshire,3133.0,140.0,2861.0,20.0,2.0,69.0,0.0,4.0,37.0,4.47,91.32,0.64,0.06,2.2,0.0,0.13,1.18,1387.0,1331.0,56.0,1465.0,1668.0,178.0,224.0,202.0,106.0,39.0,6.0,9.0,53.0,115.0,148.0,197.0,218.0,218.0,262.0,252.0,115.0,143.0,63.0,83.0,118.0,120.0,126.0,138.0,402.0,347.0,183.0,345.0,436.0,514.0,404.0,238.0,264.0,710.0,648.0,22.66,20.68,1331.0,364.0,97.0,267.0,967.0,891.0,757.0,321.0,436.0,134.0,30.0,13.0,17.0,104.0,44.0,60.0,76.0,32.0,44.0,103.0,1228.0,891.0,17.0,0.0,0.0,0.0,0.0,0.0,17.0,0.0,0.0,17.0,1387.0,1331.0,56.0,711.0,463.0,157.0,4.0,0.0,20.0,4.0,10.0,0.0,18.0,1174.0,2.0,61.0,173.0,246.0,138.0,132.0,157.0,164.0,101.0,157.0,6.0,52.0,36.0,23.0,11.0,10.0,8.0,5.0,6.0,0.0687922493451,0.00025241656628
39,Jefferson Park,2552.0,1419.0,991.0,37.0,23.0,39.0,0.0,4.0,39.0,55.6,38.83,1.45,0.9,1.53,0.0,0.16,1.53,1358.0,1182.0,176.0,1419.0,1133.0,189.0,144.0,106.0,66.0,56.0,31.0,45.0,181.0,434.0,376.0,238.0,155.0,145.0,110.0,104.0,42.0,35.0,16.0,15.0,23.0,18.0,10.0,13.0,333.0,228.0,691.0,614.0,300.0,214.0,108.0,41.0,23.0,505.0,95.0,19.79,3.72,1182.0,492.0,300.0,192.0,690.0,476.0,252.0,123.0,129.0,224.0,86.0,38.0,48.0,138.0,89.0,49.0,214.0,135.0,79.0,297.0,885.0,476.0,0.0,0.0,0.0,0.0,0.0,0.0,0.0,0.0,0.0,0.0,1358.0,1182.0,176.0,339.0,39.0,804.0,61.0,1.0,72.0,1.0,3.0,0.0,38.0,378.0,10.0,143.0,89.0,44.0,29.0,18.0,25.0,11.0,9.0,804.0,110.0,320.0,158.0,118.0,39.0,33.0,15.0,9.0,2.0,0.0555895723624,0.000133906238716
67,Valverde,3941.0,3050.0,593.0,124.0,47.0,78.0,5.0,5.0,39.0,77.39,15.05,3.15,1.19,1.98,0.13,0.13,0.99,1245.0,1180.0,65.0,1925.0,2016.0,438.0,390.0,315.0,187.0,131.0,54.0,60.0,183.0,334.0,293.0,283.0,246.0,253.0,185.0,179.0,47.0,75.0,37.0,60.0,82.0,46.0,33.0,30.0,828.0,633.0,631.0,576.0,499.0,364.0,219.0,128.0,63.0,1330.0,288.0,33.75,7.31,1180.0,233.0,124.0,109.0,947.0,854.0,455.0,267.0,188.0,399.0,105.0,51.0,54.0,294.0,157.0,137.0,93.0,58.0,35.0,215.0,965.0,854.0,0.0,0.0,0.0,0.0,0.0,0.0,0.0,0.0,0.0,0.0,1245.0,1180.0,65.0,435.0,97.0,648.0,20.0,1.0,22.0,5.0,2.0,0.0,15.0,532.0,18.0,71.0,127.0,104.0,58.0,43.0,58.0,40.0,13.0,648.0,56.0,173.0,142.0,110.0,47.0,39.0,58.0,13.0,10.0,0.0710402394204,0.000261201427107
1,Athmar Park,8898.0,6499.0,1832.0,102.0,67.0,314.0,8.0,14.0,62.0,73.04,20.59,1.15,0.75,3.53,0.09,0.16,0.7,2960.0,2781.0,179.0,4597.0,4301.0,848.0,748.0,651.0,402.0,287.0,121.0,135.0,354.0,774.0,735.0,752.0,596.0,527.0,470.0,423.0,127.0,217.0,100.0,109.0,169.0,122.0,112.0,119.0,1596.0,1340.0,1384.0,1487.0,1123.0,893.0,553.0,291.0,231.0,2649.0,731.0,29.77,8.22,2781.0,570.0,296.0,274.0,2211.0,1964.0,1278.0,708.0,570.0,686.0,235.0,105.0,130.0,451.0,247.0,204.0,247.0,154.0,93.0,516.0,2265.0,1964.0,5.0,5.0,0.0,0.0,5.0,0.0,0.0,0.0,0.0,0.0,2960.0,2781.0,179.0,1336.0,404.0,1041.0,65.0,4.0,50.0,6.0,9.0,0.0,45.0,1740.0,23.0,246.0,392.0,348.0,168.0,153.0,189.0,137.0,84.0,1041.0,96.0,336.0,276.0,178.0,59.0,41.0,30.0,18.0,7.0,0.0891555277682,0.000420413274907
11,Chaffee Park,3874.0,2548.0,1194.0,36.0,34.0,22.0,0.0,9.0,31.0,65.77,30.82,0.93,0.88,0.57,0.0,0.23,0.8,1497.0,1416.0,81.0,1932.0,1942.0,253.0,252.0,247.0,138.0,93.0,47.0,49.0,147.0,338.0,337.0,285.0,272.0,256.0,238.0,234.0,90.0,105.0,54.0,92.0,94.0,79.0,81.0,93.0,505.0,478.0,581.0,622.0,528.0,472.0,341.0,173.0,174.0,890.0,493.0,22.97,12.73,1416.0,422.0,189.0,233.0,994.0,858.0,558.0,228.0,330.0,300.0,91.0,39.0,52.0,209.0,99.0,110.0,136.0,80.0,56.0,228.0,1188.0,858.0,149.0,125.0,0.0,0.0,125.0,0.0,24.0,0.0,0.0,24.0,1497.0,1416.0,81.0,857.0,185.0,374.0,8.0,1.0,37.0,6.0,6.0,0.0,23.0,1042.0,24.0,198.0,204.0,203.0,105.0,85.0,120.0,73.0,30.0,374.0,18.0,100.0,71.0,55.0,29.0,30.0,26.0,22.0,23.0,0.0769124784024,0.00021408783689
34,Harvey Park,11525.0,6698.0,4071.0,70.0,98.0,416.0,11.0,34.0,127.0,58.12,35.32,0.61,0.85,3.61,0.1,0.3,1.1,4239.0,3990.0,249.0,5738.0,5787.0,982.0,915.0,791.0,474.0,328.0,144.0,151.0,502.0,930.0,950.0,790.0,716.0,770.0,765.0,613.0,204.0,249.0,142.0,177.0,246.0,241.0,275.0,170.0,1897.0,1593.0,1727.0,1740.0,1486.0,1378.0,772.0,487.0,445.0,3162.0,1251.0,27.44,10.85,3990.0,923.0,449.0,474.0,3067.0,2772.0,1838.0,867.0,971.0,934.0,314.0,161.0,153.0,620.0,314.0,306.0,295.0,154.0,141.0,602.0,3388.0,2772.0,19.0,0.0,0.0,0.0,0.0,0.0,19.0,0.0,0.0,19.0,4239.0,3990.0,249.0,2013.0,664.0,1313.0,103.0,4.0,61.0,10.0,7.0,0.0,64.0,2677.0,41.0,409.0,439.0,559.0,285.0,218.0,277.0,322.0,127.0,1313.0,146.0,377.0,307.0,272.0,79.0,45.0,55.0,27.0,5.0,0.105363909419,0.000458317881092
4,Barnum,6111.0,4808.0,1101.0,47.0,44.0,51.0,0.0,17.0,43.0,78.68,18.02,0.77,0.72,0.83,0.0,0.28,0.7,1915.0,1782.0,133.0,3144.0,2967.0,585.0,612.0,512.0,306.0,202.0,112.0,99.0,243.0,497.0,494.0,503.0,423.0,380.0,303.0,260.0,97.0,123.0,44.0,67.0,101.0,61.0,33.0,54.0,1197.0,1020.0,951.0,997.0,803.0,563.0,331.0,162.0,87.0,2015.0,360.0,32.97,5.89,1782.0,342.0,187.0,155.0,1440.0,1289.0,759.0,460.0,299.0,530.0,170.0,70.0,100.0,360.0,193.0,167.0,151.0,101.0,50.0,354.0,1428.0,1289.0,0.0,0.0,0.0,0.0,0.0,0.0,0.0,0.0,0.0,0.0,1915.0,1782.0,133.0,821.0,181.0,780.0,39.0,2.0,47.0,1.0,1.0,0.0,43.0,1002.0,17.0,172.0,220.0,214.0,105.0,95.0,97.0,48.0,34.0,780.0,54.0,225.0,220.0,140.0,55.0,36.0,31.0,15.0,4.0,0.0580252226228,0.000209891807661
77,Whittier,4831.0,1191.0,2015.0,1380.0,22.0,49.0,1.0,11.0,162.0,24.65,41.71,28.57,0.46,1.01,0.02,0.23,3.35,2150.0,1993.0,157.0,2380.0,2451.0,435.0,271.0,240.0,173.0,107.0,54.0,47.0,239.0,572.0,567.0,483.0,352.0,251.0,243.0,258.0,82.0,119.0,42.0,60.0,67.0,54.0,63.0,52.0,706.0,520.0,912.0,1050.0,603.0,501.0,303.0,121.0,115.0,1119.0,338.0,23.16,7.0,1993.0,635.0,302.0,333.0,1358.0,1008.0,581.0,281.0,300.0,427.0,88.0,32.0,56.0,339.0,174.0,165.0,350.0,199.0,151.0,467.0,1526.0,1008.0,50.0,50.0,0.0,50.0,0.0,0.0,0.0,0.0,0.0,0.0,2150.0,1993.0,157.0,996.0,149.0,848.0,47.0,0.0,33.0,5.0,2.0,0.0,70.0,1145.0,11.0,294.0,305.0,171.0,96.0,84.0,85.0,68.0,31.0,848.0,102.0,277.0,156.0,117.0,71.0,47.0,37.0,30.0,11.0,0.0497793797888,0.000153283565805
45,Montbello,30348.0,17855.0,2478.0,8605.0,89.0,508.0,48.0,43.0,722.0,58.83,8.17,28.35,0.29,1.67,0.16,0.14,2.38,8516.0,7942.0,574.0,15111.0,15237.0,3096.0,3356.0,2987.0,1698.0,1001.0,417.0,422.0,1260.0,2243.0,2399.0,2290.0,1938.0,1662.0,1514.0,1210.0,415.0,532.0,288.0,433.0,525.0,388.0,165.0,109.0,6452.0,5686.0,4342.0,4689.0,3600.0,2724.0,1668.0,913.0,274.0,11137.0,1908.0,36.7,6.29,7942.0,1201.0,608.0,593.0,6741.0,6399.0,4103.0,2501.0,1602.0,2296.0,659.0,295.0,364.0,1637.0,978.0,659.0,342.0,208.0,134.0,1279.0,6663.0,6399.0,17.0,3.0,0.0,0.0,3.0,0.0,14.0,0.0,0.0,14.0,8516.0,7942.0,574.0,4520.0,537.0,2885.0,247.0,16.0,140.0,21.0,5.0,0.0,145.0,5057.0,131.0,722.0,1197.0,1173.0,501.0,449.0,582.0,266.0,36.0,2885.0,218.0,945.0,794.0,457.0,141.0,111.0,133.0,72.0,14.0,0.160794469188,0.0013784460582
44,Marston,11132.0,1981.0,8201.0,103.0,33.0,591.0,4.0,9.0,210.0,17.8,73.67,0.93,0.3,5.31,0.04,0.08,1.89,5462.0,5206.0,256.0,5289.0,5843.0,700.0,662.0,587.0,317.0,206.0,148.0,164.0,612.0,1054.0,935.0,836.0,782.0,748.0,798.0,802.0,262.0,325.0,175.0,224.0,286.0,227.0,160.0,122.0,1362.0,1110.0,1978.0,1771.0,1530.0,1600.0,986.0,513.0,282.0,2266.0,1194.0,20.36,10.73,5206.0,1892.0,765.0,1127.0,3314.0,2821.0,2088.0,850.0,1238.0,733.0,220.0,123.0,97.0,513.0,259.0,254.0,493.0,249.0,244.0,633.0,4573.0,2821.0,0.0,0.0,0.0,0.0,0.0,0.0,0.0,0.0,0.0,0.0,5462.0,5206.0,256.0,2828.0,489.0,1889.0,100.0,9.0,65.0,14.0,35.0,0.0,33.0,3317.0,47.0,502.0,653.0,741.0,383.0,315.0,382.0,226.0,68.0,1889.0,350.0,606.0,309.0,268.0,137.0,76.0,82.0,46.0,15.0,0.253258829004,0.000861270554652
27,Fort Logan,8532.0,2340.0,5413.0,157.0,51.0,435.0,9.0,16.0,111.0,27.43,63.44,1.84,0.6,5.1,0.11,0.19,1.3,3459.0,3314.0,145.0,4189.0,4343.0,490.0,490.0,521.0,295.0,194.0,76.0,101.0,314.0,559.0,498.0,542.0,531.0,604.0,647.0,623.0,203.0,316.0,166.0,218.0,347.0,293.0,260.0,244.0,980.0,1010.0,1050.0,1040.0,1135.0,1270.0,903.0,640.0,504.0,1796.0,1528.0,21.05,17.91,3314.0,892.0,394.0,498.0,2422.0,2238.0,1677.0,547.0,1130.0,561.0,158.0,88.0,70.0,403.0,231.0,172.0,184.0,104.0,80.0,340.0,2974.0,2238.0,481.0,350.0,117.0,13.0,169.0,51.0,131.0,0.0,0.0,131.0,3459.0,3314.0,145.0,1774.0,665.0,875.0,41.0,4.0,39.0,7.0,23.0,0.0,31.0,2439.0,30.0,221.0,346.0,511.0,307.0,246.0,373.0,305.0,100.0,875.0,67.0,215.0,178.0,157.0,59.0,51.0,58.0,44.0,46.0,0.168710674732,0.000721309224786
6,Bear Valley,8889.0,3543.0,4673.0,129.0,63.0,335.0,9.0,17.0,120.0,39.86,52.57,1.45,0.71,3.77,0.1,0.19,1.35,3819.0,3652.0,167.0,4396.0,4493.0,679.0,538.0,502.0,317.0,235.0,149.0,165.0,491.0,741.0,594.0,518.0,509.0,608.0,612.0,539.0,178.0,226.0,150.0,178.0,282.0,287.0,219.0,172.0,1217.0,1054.0,1546.0,1112.0,1117.0,1151.0,732.0,569.0,391.0,2036.0,1288.0,22.9,14.49,3652.0,1086.0,517.0,569.0,2566.0,2285.0,1610.0,621.0,989.0,675.0,204.0,107.0,97.0,471.0,278.0,193.0,281.0,153.0,128.0,511.0,3141.0,2285.0,0.0,0.0,0.0,0.0,0.0,0.0,0.0,0.0,0.0,0.0,3819.0,3652.0,167.0,1384.0,633.0,1635.0,68.0,4.0,36.0,4.0,16.0,0.0,39.0,2017.0,13.0,128.0,285.0,426.0,229.0,187.0,316.0,317.0,116.0,1635.0,290.0,528.0,299.0,272.0,94.0,50.0,70.0,25.0,7.0,0.111211990275,0.000367571926258
