Date,Open,High,Low,Close,Volume
2010-01-04,66.39,67.2,66.12,67.11,5771234
2010-01-05,66.99,67.62,66.73,67.3,7366270
2010-01-06,67.17,68.94,67.03,68.8,9949946
2010-01-07,68.49,69.81,68.21,69.51,7700297
2010-01-08,69.19,72.0,69.09,70.65,13487621
2010-01-11,71.3,71.56,69.37,70.65,10301674
2010-01-12,69.2,70.71,68.8,69.59,9407467
2010-01-13,69.71,71.08,68.22,70.85,8803928
2010-01-14,70.11,71.83,70.11,71.29,7212395
2010-01-15,71.22,71.97,70.14,70.83,12585485
2010-01-19,69.87,71.25,69.54,70.93,7363557
2010-01-20,69.77,70.15,67.98,69.09,10724673
2010-01-21,69.02,69.49,67.52,68.31,11573809
2010-01-22,67.39,68.38,64.92,65.24,14340182
2010-01-25,65.69,66.58,64.5,65.81,9891413
2010-01-26,65.25,67.75,64.77,65.75,9106131
2010-01-27,65.46,66.29,64.82,65.7,9693320
2010-01-28,66.12,66.75,64.23,64.63,8888856
2010-01-29,65.4,66.19,62.89,63.46,11921652
2010-02-01,64.3,65.2,63.93,64.79,8508087
2010-02-02,65.5,66.53,64.97,66.12,7972146
2010-02-03,65.72,66.88,65.57,65.99,6111764
2010-02-04,64.99,65.19,62.33,62.5,9732087
2010-02-05,62.61,63.17,60.26,62.06,11505298
2010-02-08,62.23,63.68,61.57,62.12,7957277
2010-02-09,63.13,64.99,63.0,63.76,9163435
2010-02-10,63.61,64.25,62.35,63.65,6904502
2010-02-11,63.56,64.9,62.55,64.76,7325018
2010-02-12,63.7,64.73,63.12,64.3,8399942
2010-02-16,65.33,65.74,64.57,65.65,6115901
2010-02-17,65.83,66.0,64.88,65.43,6430799
2010-02-18,65.88,66.33,65.09,65.81,7704383
2010-02-19,63.36,64.39,62.98,63.9,18089091
2010-02-22,60.09,61.94,59.75,61.57,87133565
2010-02-23,61.5,61.72,60.16,60.88,35859448
2010-02-24,61.13,61.5,60.36,60.91,22981225
2010-02-25,60.09,60.94,59.42,60.81,17559534
2010-02-26,61.13,61.4,60.52,61.1,15524047
2010-03-01,61.83,61.98,60.96,61.42,12844284
2010-03-02,61.59,62.88,61.0,62.81,17688453
2010-03-03,63.39,64.03,63.03,63.23,15293634
2010-03-04,63.24,63.73,62.27,62.88,12993852
2010-03-05,63.41,63.94,63.21,63.81,11023972
2010-03-08,63.83,64.65,63.78,64.48,12252998
2010-03-09,64.04,64.57,63.7,64.1,12033008
2010-03-10,64.01,64.52,63.23,64.2,11854580
2010-03-11,64.06,64.19,63.35,63.9,8029785
2010-03-12,64.17,64.67,63.8,64.54,8398449
2010-03-15,64.1,64.67,63.3,64.31,10054125
2010-03-16,64.81,65.66,64.17,65.52,9912092
2010-03-17,65.77,66.98,65.5,66.6,12425677
2010-03-18,66.5,66.73,64.8,65.25,12906198
2010-03-19,65.43,65.78,63.74,64.32,18665822
2010-03-22,62.7,64.3,62.04,63.49,15691252
2010-03-23,63.53,63.97,62.78,63.03,10663715
2010-03-24,62.41,63.31,62.01,62.21,11763187
2010-03-25,62.85,63.25,60.67,60.76,12400241
2010-03-26,61.12,61.99,61.1,61.67,11645299
2010-03-29,62.32,63.4,62.18,63.07,10952723
2010-03-30,63.3,63.83,62.77,63.05,10340509
2010-03-31,63.43,63.56,62.94,63.46,11957738
2010-04-01,64.24,64.87,63.97,64.57,11194164
2010-04-05,65.03,66.23,64.76,65.77,9734700
2010-04-06,65.89,67.02,65.8,66.79,10429632
2010-04-07,66.85,66.85,65.68,66.04,9759091
2010-04-08,65.48,66.8,65.04,66.62,8790875
2010-04-09,67.07,67.35,66.23,66.53,7648426
2010-04-12,66.2,66.84,66.15,66.31,5928359
2010-04-13,66.4,66.4,64.61,65.51,10312735
2010-04-14,66.0,67.42,65.77,67.1,9175666
2010-04-15,67.01,67.5,66.68,67.21,5998685
2010-04-16,66.46,67.16,64.86,65.8,11294093
2010-04-19,65.18,65.92,64.51,65.24,9762395
2010-04-20,66.4,68.0,66.19,67.85,11961874
2010-04-21,67.89,68.5,67.17,68.02,8688892
2010-04-22,67.26,68.41,66.78,68.18,11255220
2010-04-23,70.14,73.19,69.9,72.68,22082864
2010-04-26,72.6,73.17,72.25,72.69,10587104
2010-04-27,72.39,72.59,70.0,70.31,14671621
2010-04-28,70.77,71.14,69.12,71.01,10860259
2010-04-29,72.27,73.99,71.3,73.15,27991287
2010-04-30,73.33,73.8,70.53,71.42,24491942
2010-05-03,71.12,71.98,70.06,71.31,14228696
2010-05-04,69.55,70.56,68.51,68.95,14154084
2010-05-05,67.36,68.32,66.44,67.3,14303517
2010-05-06,67.12,68.11,61.0,65.35,18571558
2010-05-07,64.59,65.64,62.21,62.86,21513601
2010-05-10,65.52,67.0,65.52,66.83,19198990
2010-05-11,66.03,67.89,65.96,66.84,11655759
2010-05-12,67.31,67.65,65.61,66.65,11566278
2010-05-13,67.07,68.32,65.98,66.94,9808442
2010-05-14,66.54,66.68,64.02,64.88,12522967
2010-05-17,65.22,65.39,62.5,64.15,12538451
2010-05-18,65.11,66.15,63.45,63.74,13131894
2010-05-19,63.45,64.41,61.64,62.59,15472115
2010-05-20,60.92,61.16,58.93,59.22,19423472
2010-05-21,57.79,60.67,57.55,60.5,21535652
2010-05-24,60.13,60.54,57.55,57.6,19538164
2010-05-25,56.05,58.59,55.66,58.46,20572914
2010-05-26,59.33,60.34,58.65,58.75,17317948
2010-05-27,60.58,61.08,58.6,60.02,20612982
2010-05-28,59.48,59.81,55.46,56.15,27781910
2010-06-01,54.45,54.45,51.67,51.75,35731143
2010-06-02,53.72,56.42,53.35,56.31,26843675
2010-06-03,57.33,57.53,54.45,56.63,25274323
2010-06-04,55.7,57.95,55.17,55.74,20070385
2010-06-07,55.87,56.6,54.11,54.23,14146300
2010-06-08,54.43,55.71,53.85,55.56,16140487
2010-06-09,56.35,57.94,55.21,55.47,13576045
2010-06-10,57.79,59.35,57.35,59.17,16931358
2010-06-11,58.44,59.71,58.22,59.48,10919260
2010-06-14,60.4,60.91,58.51,58.66,11821127
2010-06-15,59.71,61.06,59.15,60.87,9340590
2010-06-16,59.79,61.65,59.79,60.81,9601927
2010-06-17,61.36,61.59,60.56,61.36,9951398
2010-06-18,61.14,61.24,59.46,60.53,16572071
2010-06-21,61.64,61.89,59.81,60.33,10320611
2010-06-22,60.33,60.56,58.19,58.26,15055455
2010-06-23,58.23,58.74,57.44,58.33,8165241
2010-06-24,58.04,58.31,56.87,57.14,7830342
2010-06-25,57.36,58.5,56.65,58.22,24144451
2010-06-28,57.85,58.29,57.07,57.34,8834315
2010-06-29,56.12,56.58,54.85,55.08,12916099
2010-06-30,55.34,56.62,55.02,55.34,13046746
2010-07-01,55.29,55.8,53.61,55.26,14512372
2010-07-02,55.26,56.16,54.22,54.96,11996727
2010-07-06,56.15,56.73,54.7,55.54,10998974
2010-07-07,55.68,57.55,55.4,57.54,12151258
2010-07-08,58.36,58.54,57.02,58.54,9054953
2010-07-09,58.6,58.86,57.85,58.56,6312846
2010-07-12,58.42,58.96,57.6,58.25,7019552
2010-07-13,59.1,59.7,58.56,58.62,9266946
2010-07-14,58.4,59.52,57.93,58.89,7879671
2010-07-15,58.92,58.92,57.42,58.67,11486013
2010-07-16,58.5,58.51,56.6,56.68,17111794
2010-07-19,57.77,59.68,57.34,59.15,14266575
2010-07-20,58.49,61.32,58.02,61.04,13818151
2010-07-21,61.25,61.5,58.91,59.59,12534853
2010-07-22,60.5,61.87,60.27,61.3,12753230
2010-07-23,59.08,60.0,58.2,59.35,18902992
2010-07-26,59.65,59.65,57.84,58.85,9593964
2010-07-27,59.25,59.25,57.58,58.93,13799329
2010-07-28,58.92,60.07,58.61,59.73,10541311
2010-07-29,60.15,60.98,58.71,59.81,10263367
2010-07-30,58.91,60.0,58.72,59.66,8902362
2010-08-02,60.96,63.37,60.89,62.74,15300126
2010-08-03,61.84,63.37,61.84,62.86,11711864
2010-08-04,62.87,63.72,62.35,62.92,8675332
2010-08-05,62.63,63.28,61.94,63.26,5845748
2010-08-06,62.76,63.29,61.43,62.34,7151738
2010-08-09,62.84,63.19,62.44,62.75,4657636
2010-08-10,61.9,62.53,61.16,62.15,6889311
2010-08-11,60.98,61.08,59.63,60.06,9892000
2010-08-12,58.73,59.89,58.63,59.3,7802805
2010-08-13,59.0,59.84,58.72,58.76,5605492
2010-08-16,58.51,59.83,58.4,59.37,5976637
2010-08-17,60.0,60.99,59.64,60.31,5845797
2010-08-18,60.07,60.17,58.72,59.18,8503648
2010-08-19,59.05,59.15,57.37,57.82,8520185
2010-08-20,57.15,57.43,55.82,56.46,9343201
2010-08-23,55.63,56.73,55.5,55.82,10497248
2010-08-24,54.86,56.36,54.67,54.77,15224851
2010-08-25,54.71,54.92,53.95,54.69,9072081
2010-08-26,55.19,55.42,53.42,53.46,13382497
2010-08-27,53.92,55.94,53.44,55.76,12559019
2010-08-30,55.61,55.92,54.1,54.17,9392576
2010-08-31,53.91,54.01,52.91,53.33,13104290
2010-09-01,54.1,55.41,53.9,55.18,11269509
2010-09-02,55.53,56.47,55.08,56.42,8583252
2010-09-03,57.17,57.9,56.79,57.37,9450518
2010-09-07,57.43,57.51,56.61,57.13,9282735
2010-09-08,57.28,58.9,57.13,58.34,8950213
2010-09-09,59.15,59.38,58.36,58.53,7350089
2010-09-10,59.14,59.78,58.74,59.31,7794881
2010-09-13,59.93,60.45,59.72,60.15,7280635
2010-09-14,59.98,59.99,58.04,58.85,13391918
2010-09-15,58.52,59.43,57.28,58.19,15782532
2010-09-16,58.0,58.55,57.7,58.18,6871614
2010-09-17,58.67,58.87,58.09,58.1,9750096
2010-09-20,58.21,59.13,57.77,58.84,9389299
2010-09-21,58.85,59.81,58.66,59.29,8345187
2010-09-22,59.4,59.93,58.79,58.98,6663612
2010-09-23,58.11,58.84,57.8,58.11,8540246
2010-09-24,59.12,61.06,58.91,60.64,9836241
2010-09-27,61.03,61.07,59.67,59.86,7829500
2010-09-28,59.97,60.44,59.39,60.29,8289755
2010-09-29,60.37,62.17,60.11,61.52,9778508
2010-09-30,62.21,62.96,61.29,61.61,10180563
2010-10-01,62.37,62.85,61.8,62.43,8851250
2010-10-04,62.28,63.0,60.57,61.2,7277434
2010-10-05,62.14,63.2,61.87,62.96,9926438
2010-10-06,62.81,63.92,62.73,63.13,8346526
2010-10-07,63.68,63.68,62.42,62.99,7831464
2010-10-08,62.74,63.79,61.6,63.56,8344319
2010-10-11,63.39,64.09,62.87,63.5,5628812
2010-10-12,63.16,63.23,61.97,62.66,12047815
2010-10-13,63.49,64.98,63.26,64.62,10551277
2010-10-14,64.73,64.98,63.7,64.26,8015766
2010-10-15,64.71,64.88,63.52,64.5,11593940
2010-10-18,63.9,65.66,63.53,64.51,8122127
2010-10-19,63.62,63.88,62.36,63.14,13664221
2010-10-20,63.44,64.75,63.11,64.29,8652114
2010-10-21,64.5,64.95,63.5,64.31,10354506
2010-10-22,66.07,68.2,66.01,67.77,14852710
2010-10-25,68.53,69.91,68.49,68.53,12847618
2010-10-26,68.44,69.59,68.21,69.11,9678989
2010-10-27,68.24,69.35,67.6,69.24,7862400
2010-10-28,69.59,69.98,68.54,69.78,14202519
2010-10-29,69.49,70.23,69.03,69.89,12562995
2010-11-01,70.44,70.46,69.54,70.17,12299803
2010-11-02,70.87,72.08,70.61,71.47,9437533
2010-11-03,71.7,72.21,70.95,72.21,9477007
2010-11-04,73.84,75.84,73.64,75.8,14368599
2010-11-05,75.45,76.33,74.66,75.66,11416394
2010-11-08,75.39,75.66,74.24,74.84,10582537
2010-11-09,75.1,76.3,73.5,73.92,11242026
2010-11-10,73.83,74.76,73.23,74.65,11753887
2010-11-11,73.99,75.14,73.52,75.02,9052251
2010-11-12,73.59,74.9,73.24,74.11,11112491
2010-11-15,74.31,74.78,73.8,74.3,8441957
2010-11-16,72.95,74.32,72.5,73.18,12478301
2010-11-17,72.74,74.77,72.58,74.4,9636855
2010-11-18,75.18,75.98,75.0,75.5,9386230
2010-11-19,75.49,76.47,74.28,76.43,7687645
2010-11-22,75.9,76.4,74.63,76.4,8319357
2010-11-23,75.42,75.48,73.83,75.44,9621476
2010-11-24,75.74,77.2,75.7,77.15,6878192
2010-11-26,76.13,77.35,75.98,75.98,2771104
2010-11-29,75.9,77.16,75.06,77.0,8594706
2010-11-30,75.44,77.79,74.73,77.34,11117816
2010-12-01,78.3,81.2,78.3,80.85,11989923
2010-12-02,80.56,81.12,80.28,80.74,7862932
2010-12-03,79.67,83.0,79.67,82.74,10792346
2010-12-06,82.74,83.21,81.3,82.86,6948465
2010-12-07,83.89,84.11,80.72,81.0,9649513
2010-12-08,81.18,81.84,80.3,80.9,7406750
2010-12-09,82.03,82.42,80.51,81.24,5713435
2010-12-10,81.02,81.84,80.92,81.54,5861811
2010-12-13,82.31,83.85,82.2,82.43,8062078
2010-12-14,82.43,82.59,81.01,81.33,7120889
2010-12-15,80.6,81.78,80.55,80.72,6430993
2010-12-16,80.58,81.18,79.71,81.13,6678756
2010-12-17,81.01,81.69,80.71,81.34,7640136
2010-12-20,81.54,82.4,81.39,82.18,5908946
2010-12-21,82.32,82.73,81.74,82.44,5396291
2010-12-22,82.78,83.16,82.23,82.81,4041681
2010-12-23,82.55,83.0,82.25,82.52,3741466
2010-12-27,81.85,82.64,81.7,82.42,2857992
2010-12-28,82.19,82.94,82.19,82.21,2753520
2010-12-29,82.27,84.0,82.27,83.63,4512495
2010-12-30,83.71,84.0,82.83,83.36,3297174
2010-12-31,83.32,83.82,83.0,83.5,3385053
2011-01-03,84.0,84.55,83.37,83.65,5429560
2011-01-04,83.81,84.23,80.65,81.63,8643978
2011-01-05,80.94,82.7,80.6,82.59,6220924
2011-01-06,82.6,82.68,79.74,80.53,8266872
2011-01-07,80.56,82.25,80.29,81.56,6604755
2011-01-10,80.93,81.47,80.17,80.68,6483376
2011-01-11,81.41,82.46,81.39,82.26,6606676
2011-01-12,82.93,84.49,82.88,84.45,6797720
2011-01-13,84.3,85.3,83.9,84.6,7357851
2011-01-14,84.58,86.96,84.11,86.91,8400879
2011-01-18,86.59,86.9,85.94,86.76,7381661
2011-01-19,87.08,87.7,85.78,86.26,11819692
2011-01-20,84.59,85.33,82.44,85.28,11931815
2011-01-21,87.4,87.56,82.84,83.48,19141793
2011-01-24,84.0,84.76,82.0,84.25,9929322
2011-01-25,84.26,84.54,82.23,83.25,9158185
2011-01-26,83.99,87.75,83.83,87.45,10597561
2011-01-27,87.35,87.87,85.51,85.98,9220719
2011-01-28,87.4,87.49,85.71,86.67,8792955
2011-01-31,86.41,89.0,86.11,88.99,8150559
2011-02-01,89.48,90.42,88.9,89.64,10033215
2011-02-02,89.44,89.81,88.43,89.08,5520915
2011-02-03,89.4,89.54,87.72,89.43,5521462
2011-02-04,89.59,89.97,88.16,89.33,6036389
2011-02-07,89.62,91.24,89.1,89.83,6750257
2011-02-08,89.37,89.69,87.6,89.06,6179864
2011-02-09,88.39,89.64,87.25,88.49,6169838
2011-02-10,88.59,90.7,88.3,90.63,6874048
2011-02-11,89.99,91.61,89.65,90.37,5895111
2011-02-14,90.21,92.34,90.21,92.24,5728364
2011-02-15,92.09,92.66,91.15,92.34,7362939
2011-02-16,92.36,94.5,91.78,94.01,8895018
2011-02-17,92.46,94.92,92.46,94.37,6732642
2011-02-18,94.75,95.15,93.65,95.04,8261121
2011-02-22,95.0,95.64,91.41,92.91,13637485
2011-02-23,92.2,94.61,92.03,92.9,10387050
2011-02-24,91.85,92.61,89.52,89.65,11831953
2011-02-25,90.63,92.98,90.25,92.85,8013135
2011-02-28,93.13,93.61,91.82,93.42,8329829
2011-03-01,94.49,95.0,91.4,91.5,9203197
2011-03-02,90.86,91.43,89.52,90.99,9360900
2011-03-03,92.35,93.01,91.53,92.85,7650883
2011-03-04,92.64,92.98,90.44,91.4,6035291
2011-03-07,91.78,92.33,89.92,90.25,6868841
2011-03-08,91.3,91.36,89.53,89.85,5962629
2011-03-09,89.43,89.98,88.03,88.55,7592476
2011-03-10,86.62,86.9,84.39,84.61,13767822
2011-03-11,83.67,86.88,83.65,86.24,8583257
2011-03-14,85.37,85.81,83.64,85.36,11379313
2011-03-15,82.15,85.49,82.07,84.8,8799635
2011-03-16,84.07,84.86,81.93,83.1,13273292
2011-03-17,84.81,87.5,84.12,87.05,11250013
2011-03-18,87.76,88.15,85.32,85.93,11644122
2011-03-21,87.14,89.74,87.14,89.73,8191039
2011-03-22,89.32,89.73,88.27,88.77,6450140
2011-03-23,88.72,89.02,87.63,88.5,4817641
2011-03-24,88.86,88.99,86.71,88.1,6526816
2011-03-25,87.73,87.92,86.38,86.89,10846703
2011-03-28,86.52,91.35,86.27,90.43,15766719
2011-03-29,90.75,94.69,90.16,94.36,13462970
2011-03-30,94.83,94.83,92.52,93.65,8208551
2011-03-31,94.26,95.29,93.15,93.26,7498349
2011-04-01,94.1,95.0,93.22,93.7,5995226
2011-04-04,94.33,94.86,92.64,92.77,6652129
2011-04-05,92.59,94.18,92.39,92.87,7529671
2011-04-06,93.61,93.9,90.89,91.94,7264892
2011-04-07,92.14,92.4,90.71,91.62,6259156
2011-04-08,92.7,92.76,90.41,90.85,7807340
2011-04-11,90.98,91.88,88.4,88.8,8314934
2011-04-12,87.79,88.18,85.55,86.24,10696388
2011-04-13,86.86,87.28,85.65,85.79,7486141
2011-04-14,85.14,86.35,84.72,86.02,6720501
2011-04-15,86.7,87.18,85.19,86.66,8167287
2011-04-18,85.11,85.4,83.6,84.75,9275341
2011-04-19,84.64,86.25,84.46,86.13,8701780
2011-04-20,87.62,88.08,87.1,87.89,8510704
2011-04-21,89.41,91.16,88.97,89.78,10960542
2011-04-25,89.56,89.78,87.6,88.05,5486131
2011-04-26,88.19,89.74,88.02,89.47,5982794
2011-04-27,89.84,90.13,87.33,89.38,7657469
2011-04-28,88.1,89.74,87.96,89.11,4793925
2011-04-29,88.81,90.0,87.95,89.75,6892081
2011-05-02,89.94,90.92,86.9,87.79,8568089
2011-05-03,87.21,87.93,85.19,85.85,8361994
2011-05-04,85.89,85.89,83.81,84.79,8645289
2011-05-05,83.01,85.4,81.74,82.84,13360929
2011-05-06,84.09,85.13,81.96,82.66,10726747
2011-05-09,83.4,84.03,82.67,83.59,8671211
2011-05-10,84.03,85.24,83.48,84.49,7287075
2011-05-11,84.27,84.27,80.83,82.25,12674123
2011-05-12,82.19,84.07,81.33,83.52,13431129
2011-05-13,83.68,84.25,81.72,82.71,10235943
2011-05-16,82.2,83.66,81.85,82.19,9594220
2011-05-17,81.41,82.66,80.85,82.06,11797217
2011-05-18,82.49,84.41,82.25,83.75,8621966
2011-05-19,84.15,84.6,82.85,83.58,7774272
2011-05-20,83.33,84.32,82.3,83.5,8245643
2011-05-23,81.86,82.42,81.38,82.08,6317365
2011-05-24,82.82,88.33,82.82,83.28,9057870
2011-05-25,82.78,84.77,82.78,84.09,10897510
2011-05-26,84.0,85.43,83.85,85.19,6460334
2011-05-27,85.49,86.48,84.56,84.71,6360888
2011-05-31,86.07,86.34,84.84,85.72,7383105
2011-06-01,85.73,86.14,82.86,83.19,8074877
2011-06-02,83.31,84.75,82.9,84.29,8083287
2011-06-03,82.87,86.15,82.67,85.04,8344249
2011-06-06,85.22,85.48,82.81,83.06,7455649
2011-06-07,84.21,84.59,82.84,82.88,5988441
2011-06-08,82.9,84.58,82.89,83.73,7472006
2011-06-09,84.18,86.52,84.11,85.84,8700453
2011-06-10,85.2,85.52,83.57,83.66,7337228
2011-06-13,83.77,84.49,81.66,82.7,7053030
2011-06-14,84.25,85.15,83.95,84.5,7476352
2011-06-15,83.54,85.24,82.04,82.66,8695207
2011-06-16,82.76,83.41,81.4,82.25,8469244
2011-06-17,82.94,82.94,81.33,81.79,7942424
2011-06-20,81.37,82.73,80.91,82.13,6434561
2011-06-21,82.48,84.18,82.38,83.5,6475967
2011-06-22,83.09,84.79,82.89,83.58,6004437
2011-06-23,81.04,83.21,80.25,83.07,10391302
2011-06-24,83.12,83.2,80.64,80.92,9957969
2011-06-27,80.31,81.27,79.55,80.64,8412201
2011-06-28,81.48,84.61,81.36,84.35,11133458
2011-06-29,84.82,86.4,84.0,85.21,9570218
2011-06-30,85.5,86.79,85.5,86.4,8681513
2011-07-01,85.89,87.74,85.25,87.6,7299537
2011-07-05,87.37,88.73,87.15,88.35,6140695
2011-07-06,88.5,89.27,87.85,89.11,6884037
2011-07-07,89.99,90.89,89.3,90.4,8340314
2011-07-08,88.38,90.29,88.22,89.96,6410767
2011-07-11,88.14,88.9,87.46,88.07,6201895
2011-07-12,87.39,87.97,86.68,86.84,8460094
2011-07-13,86.74,88.65,86.54,87.0,7116891
2011-07-14,87.23,87.63,85.76,85.92,6904962
2011-07-15,86.64,88.2,86.47,87.99,8110395
2011-07-18,88.04,88.04,86.7,87.21,7884635
2011-07-19,88.14,88.99,87.66,88.7,6959871
2011-07-20,89.55,89.55,88.11,88.41,6263635
2011-07-21,88.98,91.02,88.97,90.96,11175360
2011-07-22,93.17,94.44,92.25,93.81,15465666
2011-07-25,92.75,95.53,92.71,94.7,10267092
2011-07-26,94.54,94.96,93.66,93.93,8456502
2011-07-27,93.12,93.79,91.35,91.68,8744944
2011-07-28,91.52,92.73,91.36,91.4,6977106
2011-07-29,90.04,91.54,89.8,90.37,9177318
2011-08-01,91.86,92.22,89.19,90.21,8593981
2011-08-02,89.21,90.9,87.53,87.62,10362617
2011-08-03,87.5,87.66,84.32,87.19,11528990
2011-08-04,85.28,85.54,80.61,80.79,19612527
2011-08-05,82.5,82.85,77.24,80.88,18744313
2011-08-08,77.27,79.34,73.11,73.67,28514343
2011-08-09,75.56,77.78,72.82,77.63,22087094
2011-08-10,77.6,78.0,73.48,73.81,18124141
2011-08-11,74.91,78.8,72.8,77.53,17316364
2011-08-12,78.81,79.08,77.01,77.99,8807247
2011-08-15,78.91,80.64,78.88,80.07,9052903
2011-08-16,79.09,80.26,77.69,78.63,9374074
2011-08-17,80.19,81.33,78.9,79.52,9077119
2011-08-18,76.5,77.27,73.46,74.41,14628635
2011-08-19,73.0,75.66,72.36,73.12,13283538
2011-08-22,75.38,75.49,72.26,72.49,8767228
2011-08-23,72.96,76.17,72.13,76.13,8674957
2011-08-24,75.8,76.4,74.35,76.23,8635109
2011-08-25,76.7,77.23,72.77,73.11,11468392
2011-08-26,73.05,75.41,72.1,74.84,12202425
2011-08-29,76.41,77.37,75.54,77.25,7015140
2011-08-30,76.79,78.02,75.69,77.33,10297559
2011-08-31,77.91,79.29,77.44,78.12,11718799
2011-09-01,78.19,79.54,76.42,76.5,11194891
2011-09-02,74.51,75.35,73.37,74.42,8994708
2011-09-06,71.95,74.5,71.35,74.32,10659880
2011-09-07,75.65,76.9,75.4,76.79,7944992
2011-09-08,75.35,76.74,75.13,75.47,10683624
2011-09-09,73.87,74.12,71.33,71.8,13357646
2011-09-12,70.79,72.41,69.94,72.38,11098548
2011-09-13,72.21,72.8,70.62,72.13,8844849
2011-09-14,72.7,73.89,70.34,72.93,10927660
2011-09-15,74.31,74.59,72.84,74.22,8775416
2011-09-16,74.95,75.25,72.16,72.84,11825628
2011-09-19,70.4,71.29,69.25,70.76,12894726
2011-09-20,71.36,71.45,69.28,69.29,13278678
2011-09-21,69.38,69.45,65.12,65.15,18366015
2011-09-22,62.54,63.2,59.88,61.22,24608618
2011-09-23,60.55,62.22,60.23,61.2,16740375
2011-09-26,61.77,63.39,58.77,63.27,19666719
2011-09-27,64.85,66.18,62.77,63.42,16527992
2011-09-28,63.59,63.95,60.1,60.33,12653295
2011-09-29,62.19,62.68,60.03,61.33,12356382
2011-09-30,60.0,61.25,59.38,59.73,14908945
2011-10-03,58.9,59.95,57.72,57.72,15980583
2011-10-04,56.12,59.32,54.79,59.11,20236027
2011-10-05,59.27,62.1,58.25,61.58,15234241
2011-10-06,62.51,64.25,61.02,63.89,14736597
2011-10-07,63.95,64.08,61.92,62.64,12000903
2011-10-10,64.61,66.08,64.61,65.79,10362085
2011-10-11,65.46,68.04,65.25,66.82,14478886
2011-10-12,67.36,68.62,66.82,67.31,12050176
2011-10-13,67.0,67.58,65.74,67.2,10978544
2011-10-14,68.64,70.99,68.53,70.94,11508203
2011-10-17,69.74,69.93,67.17,67.52,12283303
2011-10-18,67.54,70.4,66.6,69.91,10030192
2011-10-19,69.83,70.93,67.73,67.9,10644496
2011-10-20,68.0,68.81,66.5,67.99,13141771
2011-10-21,68.64,69.28,66.52,67.38,21589567
2011-10-24,67.78,69.95,67.4,69.88,11199364
2011-10-25,70.32,70.52,67.78,68.03,11878362
2011-10-26,69.34,70.34,67.31,69.84,11805113
2011-10-27,72.76,76.56,72.76,74.54,18201405
2011-10-28,74.95,76.93,74.64,75.96,10836737
2011-10-31,74.99,75.49,73.11,73.47,10499767
2011-11-01,69.81,72.43,69.0,71.13,15946561
2011-11-02,72.89,72.98,71.4,72.74,8187521
2011-11-03,73.81,76.2,73.13,75.93,11993837
2011-11-04,74.75,76.73,73.92,74.97,10631820
2011-11-07,75.02,76.47,73.97,75.33,6756175
2011-11-08,75.94,77.05,74.72,76.83,8863983
2011-11-09,74.4,74.69,72.86,73.09,12586017
2011-11-10,74.34,74.88,72.82,74.05,7601107
2011-11-11,75.22,77.15,74.37,76.54,8356852
2011-11-14,75.51,76.63,75.0,75.62,5961523
2011-11-15,75.3,76.63,74.51,75.97,7884815
2011-11-16,75.35,76.87,74.69,74.77,13266057
2011-11-17,74.68,74.97,70.89,71.71,12046341
2011-11-18,72.76,72.76,70.16,71.32,9633658
2011-11-21,69.94,70.65,68.65,70.18,8494917
2011-11-22,69.79,70.49,68.6,68.95,7934259
2011-11-23,67.95,68.36,66.18,66.5,9720775
2011-11-25,66.11,67.81,66.06,66.37,3545187
2011-11-28,68.49,69.87,68.44,69.22,8296507
2011-11-29,69.84,71.33,69.07,70.43,7447372
2011-11-30,73.18,75.5,73.04,75.33,12319761
2011-12-01,75.16,76.05,74.25,74.87,7551388
2011-12-02,75.9,76.72,74.84,75.01,7055273
2011-12-05,76.29,77.39,75.93,77.15,9642000
2011-12-06,76.86,77.65,75.93,76.65,7792416
2011-12-07,75.79,76.1,74.34,75.09,9843936
2011-12-08,74.24,75.35,71.65,71.95,12316807
2011-12-09,72.14,74.56,72.04,74.15,10490392
2011-12-12,72.85,72.99,70.58,71.92,9502596
2011-12-13,72.58,73.76,70.01,70.41,9915696
2011-12-14,69.18,69.51,66.82,67.0,13812527
2011-12-15,68.08,68.48,66.18,66.33,8450452
2011-12-16,67.13,67.95,65.81,66.91,11768209
2011-12-19,67.42,67.42,64.95,65.07,8046676
2011-12-20,66.7,68.58,66.69,68.17,8083923
2011-12-21,68.39,68.62,66.36,67.71,7832403
2011-12-22,68.4,68.4,66.72,67.93,8722996
2011-12-23,68.25,69.14,68.01,69.14,4507919
2011-12-27,69.06,69.56,68.6,68.6,4345709
2011-12-28,68.59,69.0,66.79,67.04,6324339
2011-12-29,67.07,67.74,67.0,67.41,4690818
2011-12-30,67.24,68.54,67.14,68.31,5536328
2012-01-03,70.4,70.89,69.6,70.09,7669265
2012-01-04,70.13,70.44,69.23,69.56,6569169
2012-01-05,68.98,69.07,67.14,68.07,10804250
2012-01-06,68.5,68.73,67.36,67.78,8985998
2012-01-09,68.27,68.96,67.88,68.82,5623783
2012-01-10,70.46,71.06,70.25,70.75,8985179
2012-01-11,70.59,70.6,69.41,70.16,7503792
2012-01-12,70.58,71.49,68.19,69.7,8774953
2012-01-13,69.01,69.15,67.72,67.99,9713097
2012-01-17,69.37,69.74,67.4,67.64,11759989
2012-01-18,67.14,70.66,67.12,70.63,13097366
2012-01-19,71.22,73.0,71.22,72.86,12787412
2012-01-20,73.8,75.75,72.6,73.8,18105826
2012-01-23,74.22,74.8,73.09,74.16,9017584
2012-01-24,73.17,74.59,72.87,74.59,7402711
2012-01-25,74.14,76.52,73.1,76.19,10428155
2012-01-26,77.04,77.75,75.8,75.98,7840005
2012-01-27,75.85,77.49,75.85,76.66,7239375
2012-01-30,75.47,76.28,74.45,76.27,6593005
2012-01-31,76.95,76.95,74.95,75.17,8978431
2012-02-01,76.35,77.15,75.11,76.12,7261070
2012-02-02,76.25,77.45,75.97,77.31,7419872
2012-02-03,78.31,78.7,77.71,78.66,7383109
2012-02-06,78.2,79.74,77.75,79.64,5361249
2012-02-07,79.34,79.69,78.0,79.5,7554025
2012-02-08,79.82,79.87,77.97,78.41,6645141
2012-02-09,78.81,78.94,77.73,78.64,7369971
2012-02-10,77.69,78.04,76.62,77.17,7209558
2012-02-13,78.09,78.41,77.12,78.03,4708876
2012-02-14,77.71,77.98,76.95,77.8,4414863
2012-02-15,78.16,78.17,76.74,77.36,6184669
2012-02-16,77.12,78.29,76.5,78.06,10820206
2012-02-17,78.58,78.67,77.58,77.74,8605097
2012-02-21,78.93,79.77,78.26,78.58,8227488
2012-02-22,78.55,80.78,78.55,80.0,8156819
2012-02-23,80.4,80.4,78.56,79.59,7400012
2012-02-24,80.1,80.5,79.6,79.85,5084078
2012-02-27,79.22,79.67,78.05,79.11,5597115
2012-02-28,79.1,79.54,78.22,78.78,6348393
2012-02-29,78.81,79.42,77.4,77.61,8363351
2012-03-01,78.14,78.89,77.4,78.37,6116915
2012-03-02,78.0,78.32,76.73,77.19,6636890
2012-03-05,76.81,76.88,75.03,75.69,6201048
2012-03-06,73.86,74.08,72.73,73.79,10356695
2012-03-07,74.39,74.93,73.91,74.7,6386140
2012-03-08,75.21,76.34,75.02,75.82,6017799
2012-03-09,75.99,76.76,75.51,75.84,6691373
2012-03-12,75.65,75.76,73.75,74.02,8035263
2012-03-13,74.4,74.9,73.52,74.77,9371690
2012-03-14,74.66,74.8,73.53,74.02,8145714
2012-03-15,74.17,75.06,73.26,74.92,6749168
2012-03-16,75.32,77.04,75.07,76.76,11838934
2012-03-19,76.75,77.43,76.6,77.1,5659588
2012-03-20,76.24,76.24,75.24,75.71,6569623
2012-03-21,75.17,75.17,73.67,74.01,14069592
2012-03-22,73.02,73.11,71.12,71.98,15867104
2012-03-23,72.33,73.51,71.56,73.18,11529209
2012-03-26,73.61,73.84,71.97,72.4,10053072
2012-03-27,72.33,72.36,69.93,69.96,16967656
2012-03-28,69.61,70.7,68.6,69.78,10486494
2012-03-29,69.33,70.46,68.33,69.14,11229670
2012-03-30,69.88,70.42,68.8,69.93,10877585
2012-04-02,69.6,71.09,69.1,69.84,8855632
2012-04-03,70.5,70.65,68.99,69.73,10094670
2012-04-04,68.81,69.59,68.24,68.69,6752610
2012-04-05,68.54,69.4,68.28,68.42,7971254
2012-04-09,67.49,68.65,67.25,67.59,6456154
2012-04-10,67.36,68.06,66.45,67.26,11014996
2012-04-11,68.74,68.9,68.0,68.12,8967323
2012-04-12,68.46,70.42,68.13,70.34,9136808
2012-04-13,69.91,70.2,68.32,68.38,7561794
2012-04-16,68.75,69.08,67.36,67.44,6851327
2012-04-17,68.63,69.66,68.5,69.35,8246483
2012-04-18,69.37,70.81,69.27,69.93,7650622
2012-04-19,70.12,71.25,69.37,69.8,9068361
2012-04-20,72.73,74.52,71.61,71.7,19486352
2012-04-23,70.77,72.25,69.89,71.19,10056110
2012-04-24,71.5,73.5,71.19,72.71,9015008
2012-04-25,73.65,74.92,73.15,74.46,10808478
2012-04-26,73.86,74.72,73.27,74.25,7062176
2012-04-27,74.54,74.73,73.5,73.95,6481408
2012-04-30,73.34,74.28,73.34,74.14,5018174
2012-05-01,74.16,76.19,73.79,75.13,6783174
2012-05-02,74.46,74.68,73.83,74.17,6132024
2012-05-03,74.2,74.29,72.18,72.61,6814234
2012-05-04,71.89,71.89,69.45,69.96,9632724
2012-05-07,69.81,71.1,69.35,70.6,5584138
2012-05-08,69.92,70.6,68.37,70.39,8521503
2012-05-09,69.24,70.59,68.74,69.64,7296416
2012-05-10,70.5,71.18,69.2,69.44,5869536
2012-05-11,68.84,70.15,68.66,68.8,5170266
2012-05-14,67.82,67.82,66.85,67.25,6861998
2012-05-15,67.38,67.62,65.28,65.52,7730693
2012-05-16,65.76,67.0,64.2,64.81,10071007
2012-05-17,64.54,65.65,64.15,64.75,9274674
2012-05-18,64.91,65.8,63.88,64.06,9286911
2012-05-21,64.82,66.86,64.21,66.76,7711774
2012-05-22,67.07,67.77,65.84,66.4,8172377
2012-05-23,65.63,67.26,64.9,67.18,6912986
2012-05-24,67.58,67.65,65.11,65.85,8848544
2012-05-25,65.52,66.33,65.11,65.41,6177606
2012-05-29,66.06,68.13,66.02,67.24,7034632
2012-05-30,66.07,66.08,63.8,64.18,9793134
2012-05-31,63.81,64.01,61.23,63.25,15050933
2012-06-01,61.63,62.7,60.87,62.07,12231345
2012-06-04,62.1,62.29,60.75,62.21,12006460
2012-06-05,61.92,63.28,61.54,62.24,7093120
2012-06-06,63.19,64.75,62.93,64.59,12186772
2012-06-07,65.77,66.5,64.1,64.43,8169609
2012-06-08,63.95,64.7,62.84,64.54,6758657
2012-06-11,65.5,65.73,63.92,64.07,7745381
2012-06-12,64.46,65.14,63.79,64.93,6297440
2012-06-13,64.47,65.56,63.49,63.95,6784083
2012-06-14,64.13,65.59,63.84,65.38,5945797
2012-06-15,66.14,66.76,65.51,66.46,9564076
2012-06-18,65.49,66.7,65.39,66.54,6647827
2012-06-19,67.11,67.69,66.6,67.15,5267507
2012-06-20,66.83,67.23,65.0,65.54,9315504
2012-06-21,65.2,65.47,62.43,62.56,9461155
2012-06-22,62.83,63.07,61.2,61.56,12128411
2012-06-25,60.75,60.93,59.68,60.06,10411165
2012-06-26,60.17,60.45,59.12,59.67,10251440
2012-06-27,60.1,61.8,60.01,61.47,9086071
2012-06-28,61.48,62.88,61.21,62.72,8758202
2012-06-29,64.42,65.48,64.02,64.91,10193404
2012-07-02,64.86,66.01,64.48,64.94,6916664
2012-07-03,65.82,67.38,65.58,67.34,5385133
2012-07-05,67.05,67.14,65.85,66.1,5128163
2012-07-06,65.09,66.1,64.57,65.17,6731797
2012-07-09,64.83,66.29,64.49,65.82,5597709
2012-07-10,66.05,66.36,64.5,64.97,7977820
2012-07-11,65.18,66.15,64.9,65.66,6956430
2012-07-12,64.82,65.74,64.19,65.39,5837234
2012-07-13,65.44,66.93,65.42,66.72,5068127
2012-07-16,66.27,66.79,65.54,66.3,5673704
2012-07-17,66.95,67.95,66.08,67.79,8776399
2012-07-18,67.44,69.18,67.26,68.76,7002050
2012-07-19,68.87,69.39,68.27,68.64,8951723
2012-07-20,69.92,70.44,68.8,69.33,12357883
2012-07-23,68.37,69.79,67.52,69.55,8057778
2012-07-24,69.5,69.65,67.04,67.94,8154870
2012-07-25,68.22,68.86,67.46,68.25,6464527
2012-07-26,70.01,71.67,69.34,71.31,10057718
2012-07-27,71.77,73.47,71.18,72.96,9535380
2012-07-30,72.82,72.86,72.09,72.54,6438101
2012-07-31,72.16,72.76,71.01,71.26,6820097
2012-08-01,71.41,72.48,70.26,71.68,6387663
2012-08-02,70.45,71.54,69.85,70.83,6358468
2012-08-03,72.5,72.84,71.71,72.39,5083518
2012-08-06,72.67,72.88,72.04,72.4,4008013
2012-08-07,72.83,74.22,72.66,73.61,8111862
2012-08-08,72.93,73.85,72.78,73.66,6903815
2012-08-09,73.46,74.4,73.1,74.33,5763263
2012-08-10,74.04,75.47,73.77,75.35,7304780
2012-08-13,75.13,75.4,74.6,75.2,6294439
2012-08-14,75.41,75.68,74.15,74.47,5864100
2012-08-15,74.39,74.5,73.3,73.87,4853291
2012-08-16,74.02,75.11,73.56,74.98,5303473
2012-08-17,75.13,75.24,74.53,74.78,5107321
2012-08-20,74.49,74.83,74.1,74.34,4984132
2012-08-21,74.6,74.99,74.14,74.35,5131462
2012-08-22,74.0,74.97,73.83,74.82,4720319
2012-08-23,74.71,74.87,73.85,74.19,4871093
2012-08-24,74.0,74.75,73.72,74.59,3783693
2012-08-27,74.68,75.43,74.33,74.85,4279031
2012-08-28,74.41,74.78,73.98,74.38,4771987
2012-08-29,74.4,74.4,72.87,72.96,6009819
2012-08-30,72.5,72.5,71.47,71.6,6167299
2012-08-31,72.1,72.79,71.73,72.38,5754551
2012-09-04,72.05,72.34,70.72,71.42,7177207
2012-09-05,71.32,72.1,70.67,71.25,6498965
2012-09-06,71.87,73.63,71.86,72.46,8041077
2012-09-07,72.68,73.65,72.58,73.17,5466658
2012-09-10,73.05,73.8,72.68,72.69,4900122
2012-09-11,72.81,73.71,72.61,73.66,5165628
2012-09-12,74.36,74.73,74.05,74.32,5425854
2012-09-13,74.51,75.96,74.24,75.67,6425620
2012-09-14,77.78,78.47,77.25,77.6,8626532
2012-09-17,77.29,78.27,76.81,77.14,6259139
2012-09-18,76.86,76.87,75.31,76.23,7165172
2012-09-19,76.13,76.3,74.3,74.71,6221501
2012-09-20,74.32,75.28,73.75,75.23,6961953
2012-09-21,75.95,76.0,74.5,75.02,8947909
2012-09-24,74.02,74.8,74.0,74.26,4747153
2012-09-25,74.56,74.56,72.59,72.69,9193634
2012-09-26,72.34,72.58,71.71,72.05,5104977
2012-09-27,72.49,73.53,72.02,73.24,6132134
2012-09-28,73.32,73.32,71.99,72.33,5769789
2012-10-01,72.99,73.68,72.36,72.58,4289807
2012-10-02,72.89,73.2,71.92,72.26,4760746
2012-10-03,72.25,72.53,70.72,71.19,5846685
2012-10-04,71.66,71.96,71.21,71.67,5122014
2012-10-05,72.4,72.59,71.28,71.49,5798652
2012-10-08,70.93,71.75,70.7,71.61,3480206
2012-10-09,71.61,72.42,71.57,71.73,3933672
2012-10-10,71.66,71.75,70.87,71.08,4343946
2012-10-11,72.22,72.84,72.0,72.42,4533946
2012-10-12,72.75,72.91,71.66,72.19,3598801
2012-10-15,72.21,73.01,71.53,72.76,4638157
2012-10-16,73.19,74.0,73.15,73.52,5731660
2012-10-17,73.53,74.76,73.05,74.55,5799485
2012-10-18,74.55,75.09,74.05,74.8,6578578
2012-10-19,75.47,75.7,73.75,74.0,8325746
2012-10-22,73.63,74.2,72.25,73.16,5340475
2012-10-23,71.92,71.96,70.98,71.26,6442346
2012-10-24,71.67,71.79,69.75,70.09,6443349
2012-10-25,71.0,71.33,70.01,70.74,6077727
2012-10-26,70.74,71.04,69.9,70.1,4879170
2012-10-31,70.3,70.85,69.06,69.53,6977868
2012-11-01,69.77,70.25,68.6,70.15,6533813
2012-11-02,70.6,70.85,68.59,68.77,6240093
2012-11-05,68.65,70.18,68.63,69.95,5648186
2012-11-06,70.26,71.36,70.03,71.15,6444626
2012-11-07,69.98,70.56,69.32,70.13,7556830
2012-11-08,69.95,70.29,67.7,67.77,10201068
2012-11-09,67.5,69.46,67.32,68.37,6410317
2012-11-12,68.47,69.46,68.1,68.48,2780249
2012-11-13,67.71,70.0,67.5,69.07,7923371
2012-11-14,69.34,69.47,67.62,67.83,8249361
2012-11-15,67.8,69.45,67.69,69.16,7414654
2012-11-16,69.33,69.34,66.85,68.22,10051977
2012-11-19,68.95,70.7,68.84,70.69,6742442
2012-11-20,70.43,70.64,69.64,70.02,5425577
2012-11-21,70.33,70.5,69.73,70.21,3021361
2012-11-23,70.76,71.21,70.29,71.18,1730729
2012-11-26,70.21,70.57,69.93,70.43,3490084
2012-11-27,70.1,70.37,69.55,69.87,6397421
2012-11-28,69.47,70.8,68.91,70.73,6187686
2012-11-29,70.96,71.35,70.39,70.6,4465603
2012-11-30,70.54,71.89,70.42,71.62,6505912
2012-12-03,72.0,72.49,70.87,71.02,6353379
2012-12-04,70.92,71.97,70.74,71.22,4302061
2012-12-05,71.47,72.11,71.17,71.32,5416617
2012-12-06,71.11,71.61,70.71,71.5,4154298
2012-12-07,71.8,72.0,71.28,71.83,4348485
2012-12-10,71.72,72.3,71.55,72.0,3963457
2012-12-11,72.35,72.8,71.98,72.6,7017655
2012-12-12,73.13,73.51,72.49,72.79,9634172
2012-12-13,72.04,72.99,72.04,72.56,7116650
2012-12-14,69.9,70.0,67.6,68.91,27756178
2012-12-17,69.23,69.92,69.02,69.68,7851635
2012-12-18,69.46,71.78,69.3,71.35,8909526
2012-12-19,71.74,72.0,70.61,70.66,5797498
2012-12-20,70.14,71.53,70.0,71.1,5974104
2012-12-21,70.22,70.55,68.92,69.69,12509325
2012-12-24,69.55,69.89,68.95,69.28,2272050
2012-12-26,69.74,69.89,68.92,69.1,3373061
2012-12-27,69.09,69.29,68.26,69.17,5283222
2012-12-28,68.58,68.74,67.88,67.96,5635653
2012-12-31,67.87,69.35,67.64,69.3,6375964
2013-01-02,70.8,71.41,70.12,71.4,6391333
2013-01-03,71.25,72.0,70.66,70.92,6062950
2013-01-04,71.33,72.22,71.04,72.01,5165313
2013-01-07,71.53,72.23,71.42,72.21,4104403
2013-01-08,71.94,72.6,71.5,72.51,5274849
2013-01-09,72.76,72.97,72.01,72.2,4626445
2013-01-10,72.7,73.25,72.54,73.25,5591138
2013-01-11,73.19,73.8,73.06,73.75,4106350
2013-01-14,73.39,73.77,72.54,72.77,4155015
2013-01-15,72.47,72.86,72.19,72.59,4285950
2013-01-16,72.53,73.63,72.53,73.22,4951914
2013-01-17,73.46,73.96,72.54,73.37,6510984
2013-01-18,73.95,76.73,73.5,76.5,14232697
2013-01-22,76.57,78.04,76.57,78.0,9649292
2013-01-23,77.79,78.62,77.36,78.17,7556797
2013-01-24,78.16,78.87,77.76,78.02,7167094
2013-01-25,78.63,79.8,78.1,79.51,7830771
2013-01-28,79.73,79.81,79.1,79.28,7152743
2013-01-29,79.04,79.99,78.78,79.95,6289520
2013-01-30,79.83,79.9,78.46,78.6,8795321
2013-01-31,78.44,78.79,77.55,78.05,5752199
2013-02-01,78.94,79.83,78.4,79.7,6225228
2013-02-04,79.11,79.85,78.88,79.45,6620679
2013-02-05,79.82,80.43,79.5,80.16,5389378
2013-02-06,79.42,79.57,77.76,78.73,7131359
2013-02-07,78.86,79.21,77.82,78.0,6101369
2013-02-08,78.24,79.07,78.12,79.07,4632684
2013-02-11,78.56,78.85,77.81,77.93,4784921
2013-02-12,78.51,78.65,78.02,78.53,4646441
2013-02-13,78.49,78.73,78.25,78.63,3551983
2013-02-14,78.51,82.0,78.14,81.56,11691795
2013-02-15,81.03,81.22,79.5,80.03,8756222
2013-02-19,80.09,80.55,79.56,79.99,5098368
2013-02-20,80.07,80.2,78.47,78.53,6397047
2013-02-21,77.97,77.97,76.55,77.43,5789402
2013-02-22,77.93,78.15,76.87,77.79,4085030
2013-02-25,78.36,78.95,75.74,75.83,6144194
2013-02-26,76.34,76.77,74.99,76.33,6506403
2013-02-27,76.21,78.18,75.98,77.9,4927038
2013-02-28,77.82,78.58,77.47,77.85,5398257
2013-03-01,77.35,77.92,76.92,77.64,4895042
2013-03-04,77.49,77.59,75.72,76.5,5077097
2013-03-05,77.24,77.6,76.28,76.95,8960176
2013-03-06,77.54,77.77,76.45,77.16,4648921
2013-03-07,77.2,78.0,77.1,77.82,3621248
2013-03-08,78.02,78.44,77.24,77.96,3916523
2013-03-11,77.57,77.86,77.12,77.78,4378387
2013-03-12,77.98,78.37,77.01,77.44,5544250
2013-03-13,77.71,77.83,77.24,77.39,3744489
2013-03-14,77.84,78.94,77.58,78.75,5634708
2013-03-15,78.48,79.74,78.48,79.4,8073457
2013-03-18,77.33,77.79,76.11,76.34,9343825
2013-03-19,76.63,76.63,73.01,73.98,14392423
2013-03-20,74.18,74.25,73.41,73.79,8933387
2013-03-21,73.32,74.01,73.25,73.44,6694441
2013-03-22,73.84,74.39,73.56,74.37,6402587
2013-03-25,74.72,74.95,73.36,73.86,5960045
2013-03-26,74.41,74.52,73.83,74.42,6184249
2013-03-27,73.89,75.27,73.55,75.1,5633160
2013-03-28,74.97,75.64,74.5,74.89,7270043
2013-04-01,75.08,75.23,73.36,74.02,5536502
2013-04-02,74.48,75.22,74.01,74.81,7298095
2013-04-03,74.82,75.15,73.51,74.01,9093265
2013-04-04,73.91,74.32,73.41,73.94,5457277
2013-04-05,73.09,74.49,72.7,74.35,4829192
2013-04-08,74.3,75.1,74.1,74.96,3874744
2013-04-09,75.11,75.78,74.53,75.43,4052279
2013-04-10,75.47,77.3,75.45,76.99,7209455
2013-04-11,77.19,77.56,76.52,77.14,5097829
2013-04-12,76.62,76.75,74.89,75.66,6835120
2013-04-15,74.61,74.61,71.6,71.89,11543262
2013-04-16,72.76,73.44,71.76,73.29,7793033
2013-04-17,72.39,72.39,70.2,70.97,10266730
2013-04-18,71.4,71.66,70.19,71.0,8245548
2013-04-19,73.7,73.7,69.08,69.95,13973354
2013-04-22,71.01,71.57,69.76,71.23,9192155
2013-04-23,71.64,71.99,70.83,71.94,7127324
2013-04-24,72.41,73.71,72.06,73.17,8791987
2013-04-25,73.25,74.07,72.8,73.44,7382293
2013-04-26,73.32,73.77,72.63,73.34,5270848
2013-04-29,73.56,74.28,72.94,74.03,5212287
2013-04-30,74.17,74.62,73.34,74.43,7393411
2013-05-01,73.93,74.18,73.34,73.79,6586469
2013-05-02,73.82,74.58,73.46,74.25,4642043
2013-05-03,75.04,76.4,75.01,75.72,6584625
2013-05-06,75.72,76.42,75.48,76.16,4501769
2013-05-07,76.59,77.45,76.41,76.89,5866182
2013-05-08,76.87,77.69,76.53,77.59,4793834
2013-05-09,77.48,77.66,76.74,77.25,4382643
2013-05-10,76.94,77.04,75.83,76.82,6331949
2013-05-13,76.74,77.41,76.6,77.04,8106492
2013-05-14,76.73,77.27,76.58,76.86,6603476
2013-05-15,75.59,76.23,74.96,75.68,9424219
2013-05-16,75.76,76.17,75.07,75.27,6201663
2013-05-17,75.9,76.17,74.88,75.74,9535106
2013-05-20,75.56,77.48,75.42,77.42,9940850
2013-05-21,77.39,77.84,76.67,77.08,6334975
2013-05-22,76.95,77.79,75.11,75.58,9238296
2013-05-23,74.44,75.45,73.82,75.38,6712825
2013-05-24,74.67,74.88,73.66,74.66,6632032
2013-05-28,75.87,76.18,75.25,75.4,6700007
2013-05-29,74.82,75.32,74.28,74.98,4889921
2013-05-30,74.58,75.2,73.95,74.81,5747355
2013-05-31,74.39,74.51,73.02,73.03,7900488
2013-06-03,73.19,73.53,72.74,73.25,8167055
2013-06-04,73.14,73.56,72.57,72.85,9450784
2013-06-05,72.58,73.11,72.1,72.18,7499349
2013-06-06,71.89,73.3,71.8,73.3,7294247
2013-06-07,74.04,74.34,73.29,73.93,6704540
2013-06-10,74.11,74.39,73.11,73.3,6263667
2013-06-11,72.37,72.61,71.31,71.44,8551539
2013-06-12,72.14,72.19,70.88,70.95,6256066
2013-06-13,71.11,72.57,71.0,72.46,6800248
2013-06-14,72.51,72.68,71.55,71.6,4934875
2013-06-17,72.4,73.43,72.4,73.1,5377512
2013-06-18,73.18,74.6,73.06,74.16,5684276
2013-06-19,74.26,74.79,73.4,73.4,6332319
2013-06-20,72.61,72.82,71.8,72.14,8918984
2013-06-21,72.78,73.13,71.81,72.83,9785768
2013-06-24,71.84,71.98,70.25,71.24,7984250
2013-06-25,72.04,72.99,71.87,72.09,6695250
2013-06-26,72.62,72.73,71.61,71.81,5199800
2013-06-27,72.12,72.54,71.85,71.93,5951026
2013-06-28,71.81,72.28,71.6,71.66,7501631
2013-07-01,72.19,73.34,71.95,72.78,6433618
2013-07-02,73.31,73.31,72.25,72.61,4932915
2013-07-03,72.49,73.14,71.84,73.01,3152104
2013-07-05,73.42,74.38,72.98,74.09,3994206
2013-07-08,74.62,75.22,74.31,74.79,5457980
2013-07-09,75.23,76.79,75.23,76.54,7165475
2013-07-10,76.37,76.54,75.96,76.18,4592916
2013-07-11,77.08,77.22,76.01,76.63,4889752
2013-07-12,76.42,76.88,76.34,76.84,4268205
2013-07-15,76.84,77.31,76.39,77.02,3928484
2013-07-16,77.19,77.53,75.94,76.52,6037841
2013-07-17,76.76,77.77,76.76,77.61,6668096
2013-07-18,77.76,78.85,77.76,78.48,6146466
2013-07-19,81.21,83.55,80.89,82.74,17437165
2013-07-22,82.36,85.02,82.22,83.81,11199762
2013-07-23,83.86,84.47,83.4,83.57,6867387
2013-07-24,83.73,83.8,82.33,82.85,5378064
2013-07-25,82.52,83.28,82.02,82.57,5838142
2013-07-26,82.27,82.27,81.15,81.91,5042547
2013-07-29,81.11,81.52,80.8,81.15,4867286
2013-07-30,81.48,81.88,81.24,81.43,5142625
2013-07-31,81.99,82.13,81.11,81.33,5034511
2013-08-01,82.35,83.7,82.35,83.55,7006537
2013-08-02,83.49,83.59,82.55,82.89,5883512
2013-08-05,82.87,83.01,81.95,82.89,4036215
2013-08-06,82.73,82.96,82.1,82.22,5372479
2013-08-07,81.64,81.8,80.41,81.05,7099413
2013-08-08,81.57,82.03,81.12,81.23,3997425
2013-08-09,81.14,81.53,80.26,80.49,4523439
2013-08-12,80.03,80.73,79.8,80.25,4989800
2013-08-13,80.67,82.5,80.58,82.22,7283357
2013-08-14,82.3,82.74,81.99,82.16,4401212
2013-08-15,81.62,82.32,81.48,81.99,4606355
2013-08-16,81.92,82.33,81.72,81.92,4754878
2013-08-19,81.26,81.9,80.3,80.41,4684456
2013-08-20,80.47,81.18,80.15,80.62,3647038
2013-08-21,80.26,80.93,80.0,80.05,4120162
2013-08-22,80.77,82.64,80.51,82.21,4504760
2013-08-23,82.51,82.51,81.35,81.67,5124445
2013-08-26,81.83,82.52,81.74,81.9,4677002
2013-08-27,81.1,82.13,80.92,81.17,4423743
2013-08-28,81.4,83.33,81.24,82.68,5511678
2013-08-29,82.7,82.91,81.48,81.6,4834582
2013-08-30,81.56,81.6,80.68,80.94,4457676
2013-09-03,81.69,82.83,81.68,82.42,5299405
2013-09-04,82.11,83.49,81.86,82.86,5522692
2013-09-05,83.23,84.55,83.0,84.22,8640446
2013-09-06,84.72,85.92,83.72,85.14,9118223
2013-09-09,85.18,86.75,85.18,86.45,5961634
2013-09-10,86.15,86.9,85.46,86.9,10257873
2013-09-11,86.81,87.11,86.19,87.05,5409625
2013-09-12,86.85,87.18,86.0,86.58,5860790
2013-09-13,86.47,86.91,86.08,86.72,3874767
2013-09-16,87.36,87.61,86.59,87.0,4400638
2013-09-17,86.96,88.22,86.66,87.74,6074628
2013-09-18,87.64,89.48,86.94,88.95,6757746
2013-09-19,88.84,89.72,88.72,88.79,6013041
2013-09-20,89.08,89.28,87.44,87.44,8569507
2013-09-23,87.16,87.86,87.03,87.04,5481412
2013-09-24,87.42,88.52,86.57,87.91,5688215
2013-09-25,87.83,89.24,87.51,88.57,8082523
2013-09-26,88.77,89.25,88.43,88.83,5043851
2013-09-27,88.31,89.1,88.12,88.82,4981203
2013-09-30,87.49,88.88,87.16,88.36,5600701
2013-10-01,87.99,89.6,87.98,89.05,5581194
2013-10-02,89.0,89.9,88.75,89.85,7487599
2013-10-03,89.63,89.98,89.0,89.44,6618259
2013-10-04,89.56,90.47,89.0,90.01,3991598
2013-10-07,89.28,90.1,89.01,89.29,4571124
2013-10-08,89.33,89.41,87.84,87.95,5912105
2013-10-09,87.95,88.08,86.3,87.04,6188426
2013-10-10,87.97,89.44,87.9,89.42,6082391
2013-10-11,89.05,90.29,88.52,90.02,5335418
2013-10-14,89.33,91.3,89.24,91.17,5475015
2013-10-15,90.54,91.26,89.63,90.54,6370792
2013-10-16,90.93,92.4,90.84,92.18,9084539
2013-10-17,91.83,91.85,90.71,91.43,8873386
2013-10-18,93.1,94.88,92.99,93.99,11240009
2013-10-21,94.12,94.91,92.91,93.48,7325959
2013-10-22,93.39,94.9,93.29,94.46,7695235
2013-10-23,93.67,93.75,92.62,92.84,7724591
2013-10-24,92.81,93.45,92.31,92.85,4383165
2013-10-25,92.47,93.28,92.41,92.9,4698155
2013-10-28,92.71,93.14,92.12,92.85,4936725
2013-10-29,93.24,94.01,92.89,94.0,4078115
2013-10-30,94.43,94.77,93.36,93.88,5615869
2013-10-31,93.88,94.45,93.26,93.72,5306894
2013-11-01,93.95,94.1,92.13,93.0,5907388
2013-11-04,93.4,93.72,92.83,93.51,3841597
2013-11-05,92.97,93.11,91.86,92.39,4892670
2013-11-06,93.07,93.88,92.6,93.23,4244273
2013-11-07,93.65,93.79,91.84,92.05,5350282
2013-11-08,91.87,93.89,91.81,93.79,6833994
2013-11-11,93.78,94.81,93.51,93.87,3848490
2013-11-12,93.47,93.57,91.29,91.99,6604880
2013-11-13,91.66,93.1,90.78,93.08,6011015
2013-11-14,93.18,93.5,92.67,93.31,4226678
2013-11-15,93.39,93.87,92.33,92.98,5057359
2013-11-18,93.21,93.3,91.63,92.02,4352112
2013-11-19,91.67,92.2,90.57,91.28,6261818
2013-11-20,91.94,91.97,90.31,90.45,5559281
2013-11-21,90.81,91.14,90.38,91.01,5775650
2013-11-22,91.31,92.78,91.0,92.73,5279464
2013-11-25,92.46,92.7,89.5,89.81,7255010
2013-11-26,89.87,90.01,88.9,89.46,6987786
2013-11-27,89.32,89.49,86.79,87.95,8571120
2013-11-29,88.13,89.66,87.68,88.42,4093896
2013-12-02,88.64,88.99,87.34,87.6,4653767
2013-12-03,87.16,88.1,86.38,87.64,5831859
2013-12-04,87.37,87.9,86.5,87.28,6694610
2013-12-05,86.74,87.91,86.56,86.87,5986419
2013-12-06,88.1,88.53,87.77,88.15,6102369
2013-12-09,88.52,88.52,86.94,88.03,5066948
2013-12-10,87.7,88.1,86.85,87.01,4867481
2013-12-11,87.0,87.48,85.9,86.14,5387470
2013-12-12,86.23,87.64,85.97,86.96,5923813
2013-12-13,87.13,87.51,85.85,86.37,6093575
2013-12-16,87.08,87.13,86.15,87.0,5083640
2013-12-17,87.03,87.52,85.45,85.54,7275828
2013-12-18,85.6,87.31,84.91,87.26,8990446
2013-12-19,87.08,87.08,85.65,86.47,6374842
2013-12-20,86.51,87.76,86.0,87.27,9323259
2013-12-23,87.88,88.13,87.27,87.32,5216437
2013-12-24,87.53,88.5,87.37,88.31,1849851
2013-12-26,88.48,89.56,88.4,89.39,3640607
2013-12-27,89.54,89.98,89.05,89.9,3488632
2013-12-30,89.97,90.26,89.14,89.17,4028572
2013-12-31,89.5,90.2,89.07,90.11,3397579
2014-01-02,89.48,90.12,88.61,88.82,4958526
2014-01-03,88.94,89.35,88.21,88.35,4212010
2014-01-06,88.88,88.92,87.3,88.02,6380231
2014-01-07,88.05,88.46,86.77,87.51,6429049
2014-01-08,87.36,87.66,86.38,86.98,8530888
2014-01-09,87.52,87.65,86.05,86.48,6561282
2014-01-10,86.08,88.2,85.77,88.17,8421604
2014-01-13,88.4,88.54,87.29,87.46,6833650
2014-01-14,87.91,88.93,87.37,88.87,5523919
2014-01-15,88.91,89.3,87.9,88.89,6814828
2014-01-16,88.88,89.39,88.14,88.61,6938431
2014-01-17,89.81,90.41,88.0,90.21,11948106
2014-01-21,91.2,92.11,90.38,91.09,8312362
2014-01-22,91.32,91.36,90.28,91.21,5124293
2014-01-23,90.64,91.19,89.98,90.26,6604115
2014-01-24,89.23,89.34,87.82,88.15,8424471
2014-01-27,88.3,88.62,86.9,87.91,6073739
2014-01-28,88.22,88.52,87.19,87.76,4679217
2014-01-29,87.08,87.52,86.43,87.3,6662375
2014-01-30,87.9,89.49,87.89,88.81,5625605
2014-01-31,87.87,88.59,87.3,87.57,6338746
2014-02-03,87.8,88.0,85.89,86.23,7207084
2014-02-04,86.35,87.83,86.21,87.19,6293673
2014-02-05,87.15,87.64,86.0,86.16,6656753
2014-02-06,86.55,88.77,86.49,88.51,5384004
2014-02-07,88.99,89.74,88.33,89.5,6007656
2014-02-10,89.46,89.48,88.39,89.04,5186910
2014-02-11,89.03,90.65,89.01,90.37,5930941
2014-02-12,90.42,91.06,89.96,90.03,4287833
2014-02-13,89.55,90.71,89.15,90.26,5067591
2014-02-14,90.06,91.19,89.95,90.45,4675632
2014-02-18,90.46,90.77,89.7,90.63,5336128
2014-02-19,90.28,91.68,90.28,90.48,5994188
2014-02-20,90.41,91.13,90.3,91.03,4917068
2014-02-21,91.25,91.48,90.06,90.07,6323095
2014-02-24,90.42,93.67,90.39,92.72,8883133
2014-02-25,92.24,92.74,91.44,92.56,5254515
2014-02-26,93.29,93.47,92.11,92.35,4337738
2014-02-27,91.98,92.7,91.48,92.57,3947487
2014-02-28,93.17,93.84,92.67,93.0,5967010
2014-03-03,92.26,92.88,90.6,91.26,7746231
2014-03-04,92.5,93.01,91.88,92.49,6776247
2014-03-05,92.14,92.6,91.58,92.01,3995839
2014-03-06,92.23,93.06,91.89,92.75,4612396
2014-03-07,93.23,93.35,92.5,92.98,4690326
2014-03-10,92.67,93.0,92.06,92.87,3306538
2014-03-11,93.28,93.62,91.56,91.95,5305285
2014-03-12,91.19,91.41,90.39,91.17,4997743
2014-03-13,91.57,91.73,89.6,90.27,6466475
2014-03-14,90.21,90.59,88.88,89.09,7657339
2014-03-17,89.15,89.97,89.15,89.78,8925025
2014-03-18,90.2,90.99,89.95,90.5,4377027
2014-03-19,90.58,91.1,89.86,90.36,4160179
2014-03-20,90.35,91.44,89.91,91.11,4289496
2014-03-21,91.91,93.4,90.95,92.67,11152373
2014-03-24,93.1,94.8,93.02,93.23,7382457
2014-03-25,94.49,95.88,94.41,95.56,9651770
2014-03-26,95.84,96.43,95.36,95.43,6518946
2014-03-27,95.41,97.43,95.25,96.49,7174129
2014-03-28,96.69,98.45,96.49,97.57,7800970
2014-03-31,97.83,98.28,97.22,97.5,5278080
2014-04-01,97.19,98.16,97.13,97.96,4185308
2014-04-02,98.07,98.41,97.58,97.69,4997553
2014-04-03,97.98,98.71,97.79,98.07,4502062
2014-04-04,98.24,99.69,97.81,98.03,8270143
2014-04-07,97.92,98.53,97.55,97.6,7557295
2014-04-08,97.42,98.69,97.36,98.44,6692873
2014-04-09,98.56,99.16,97.56,99.02,5439026
2014-04-10,98.89,99.45,97.16,97.32,5482542
2014-04-11,96.92,97.54,96.66,97.1,5563942
2014-04-14,97.85,99.32,97.71,98.48,6210895
2014-04-15,98.48,100.5,98.12,100.11,8591107
2014-04-16,100.52,101.06,100.05,100.94,6956263
2014-04-17,101.58,101.87,99.22,99.91,10169777
2014-04-21,100.33,102.09,99.91,101.8,7010769
2014-04-22,101.31,102.66,100.9,102.03,6943886
2014-04-23,102.02,102.8,101.77,102.21,5547242
2014-04-24,102.06,102.62,101.52,101.8,5168827
2014-04-25,101.57,102.15,101.12,101.75,6998526
2014-04-28,102.13,102.27,100.36,101.29,6183454
2014-04-29,101.84,103.58,101.34,101.39,7024246
2014-04-30,101.23,101.91,100.85,101.55,5427133
2014-05-01,101.58,101.78,100.57,100.8,4178542
2014-05-02,101.39,101.72,100.71,101.03,4471181
2014-05-05,100.65,101.67,100.49,101.1,3112000
2014-05-06,101.05,101.5,100.62,101.0,4681257
2014-05-07,101.28,102.08,100.81,101.88,4075315
2014-05-08,101.84,102.12,100.17,100.28,4374979
2014-05-09,100.27,100.52,99.68,100.22,4659653
2014-05-12,100.65,100.77,99.93,100.29,4071229
2014-05-13,100.28,100.82,99.76,100.25,4518193
2014-05-14,100.26,101.23,100.26,100.74,5134087
2014-05-15,100.36,100.36,98.34,99.5,6593973
2014-05-16,99.2,99.83,98.5,99.59,4965064
2014-05-19,99.37,100.44,99.26,100.29,4096074
2014-05-20,100.03,100.92,99.97,100.39,3904126
2014-05-21,100.84,101.74,100.81,101.58,4114241
2014-05-22,101.45,101.96,101.21,101.6,3757831
2014-05-23,101.6,101.9,101.05,101.39,4463183
2014-05-27,101.91,102.34,101.5,102.16,3660348
2014-05-28,102.4,102.51,101.02,101.87,3659972
2014-05-29,102.34,104.12,102.3,103.86,4791983
2014-05-30,103.69,104.21,103.2,104.04,4642430
2014-06-02,104.07,104.68,103.21,103.91,3748011
2014-06-03,103.93,103.96,102.92,103.85,3503922
2014-06-04,103.52,103.8,102.91,103.72,4815095
2014-06-05,103.64,104.1,103.16,103.91,4055636
2014-06-06,104.46,105.99,104.14,105.99,6205857
2014-06-09,105.95,106.95,105.52,106.72,5696314
2014-06-10,106.21,107.21,106.13,106.53,4148357
2014-06-11,106.26,107.01,106.0,106.54,3199315
2014-06-12,106.84,108.08,106.14,106.33,5847659
2014-06-13,106.9,108.27,106.02,108.25,4752360
2014-06-16,107.8,107.88,106.63,107.05,4126682
2014-06-17,106.66,107.19,106.01,106.1,4322899
2014-06-18,106.09,107.17,105.44,107.08,6129423
2014-06-19,107.15,107.99,106.77,107.6,5898671
2014-06-20,108.04,109.75,107.85,108.83,8861215
2014-06-23,109.29,109.42,108.42,108.9,4287654
2014-06-24,108.85,109.5,106.78,106.98,5765595
2014-06-25,106.85,114.44,106.85,113.85,17550941
2014-06-26,114.92,117.56,114.7,116.12,14230631
2014-06-27,115.94,117.8,115.25,117.8,7831546
2014-06-30,117.49,118.13,117.03,117.95,6536690
2014-07-01,118.3,118.76,117.35,117.85,6644925
2014-07-02,117.98,118.25,117.19,117.73,4321167
2014-07-03,117.74,117.94,116.38,117.5,3574030
2014-07-07,117.34,117.63,116.71,117.43,4887446
2014-07-08,117.05,117.35,116.24,116.75,6463728
2014-07-09,117.27,117.32,116.14,116.96,6769783
2014-07-10,115.84,116.38,114.8,115.4,5113047
2014-07-11,115.31,115.46,114.13,114.7,4832100
2014-07-14,114.82,116.06,114.73,115.94,5160146
2014-07-15,114.45,115.76,113.55,114.46,6472546
2014-07-16,115.0,115.9,114.31,115.88,5304266
2014-07-17,115.65,115.65,114.0,114.64,5352082
2014-07-18,113.5,113.65,110.77,112.36,9058774
2014-07-21,112.38,113.97,112.36,113.04,4434696
2014-07-22,113.74,114.15,113.26,113.41,4174085
2014-07-23,113.59,113.59,111.93,112.11,4745422
2014-07-24,112.3,113.29,112.22,113.1,4750640
2014-07-25,112.75,112.9,111.67,111.78,5837514
2014-07-28,111.93,112.27,110.9,111.89,4810967
2014-07-29,112.2,112.61,111.12,111.12,3985117
2014-07-30,111.53,111.97,109.86,110.27,5751320
2014-07-31,109.58,109.93,107.94,108.39,7562242
2014-08-01,107.86,109.09,106.84,107.95,6045807
2014-08-04,108.04,110.05,107.52,109.67,5765092
2014-08-05,108.89,108.97,106.35,107.08,6946168
2014-08-06,106.44,108.9,106.3,107.57,5352929
2014-08-07,107.97,108.62,106.6,107.01,4653275
2014-08-08,107.25,108.48,107.2,108.38,4168918
2014-08-11,108.97,110.35,108.52,109.21,5354754
2014-08-12,108.95,109.31,107.52,107.87,4625041
2014-08-13,108.69,109.24,107.42,107.62,4291695
2014-08-14,107.96,108.41,105.55,105.91,5857636
2014-08-15,106.3,106.88,105.39,106.53,5322493
2014-08-18,109.26,109.49,107.54,108.14,7809826
2014-08-19,109.07,109.65,108.37,109.42,6229229
2014-08-20,109.86,110.03,108.71,109.85,4627380
2014-08-21,109.96,109.99,108.9,109.44,4643025
2014-08-22,109.06,109.71,108.06,109.03,4162703
2014-08-25,109.67,110.5,109.33,110.22,4497387
2014-08-26,110.75,111.88,110.68,111.02,4828019
2014-08-27,111.48,112.0,110.52,111.04,4339652
2014-08-28,110.84,110.84,110.01,110.16,3516554
2014-08-29,110.29,110.38,109.17,109.64,4598513
2014-09-02,109.63,109.66,107.52,108.06,6249012
2014-09-03,109.25,109.93,108.11,108.17,4598934
2014-09-04,108.24,108.27,105.09,105.64,7410698
2014-09-05,106.03,106.79,104.89,106.76,5975704
2014-09-08,105.92,105.99,103.77,104.49,7006933
2014-09-09,104.67,105.42,103.26,103.97,6221311
2014-09-10,104.07,104.43,102.75,104.27,5712689
2014-09-11,103.22,104.9,103.0,104.45,5823117
2014-09-12,103.73,104.08,102.09,102.22,7387231
2014-09-15,102.03,103.6,101.85,103.05,5740363
2014-09-16,102.87,105.85,102.86,104.96,6676388
2014-09-17,105.41,105.82,103.1,103.31,8192047
2014-09-18,103.97,104.94,103.32,104.47,6517459
2014-09-19,104.57,105.18,103.21,103.21,9524312
2014-09-22,103.24,103.24,101.24,101.72,5645746
2014-09-23,101.81,103.07,101.25,102.09,4973269
2014-09-24,102.21,102.78,100.3,102.07,6743509
2014-09-25,103.39,103.43,100.37,101.01,7360157
2014-09-26,101.35,103.62,100.85,103.46,6353824
2014-09-29,102.25,103.64,101.62,103.28,7042933
2014-09-30,103.63,104.38,101.32,101.69,8082939
2014-10-01,101.41,102.4,98.38,98.85,8680354
2014-10-02,98.14,98.45,96.8,97.78,10864079
2014-10-03,98.24,98.45,96.55,97.9,6807262
2014-10-06,98.38,99.82,97.63,98.56,6062845
2014-10-07,98.18,100.18,97.55,98.23,9579907
2014-10-08,97.7,98.53,95.75,98.44,10521029
2014-10-09,97.96,97.97,94.7,94.92,14846339
2014-10-10,94.1,94.97,92.07,93.07,13970740
2014-10-13,92.83,94.23,90.74,90.93,13968190
2014-10-14,91.1,92.52,88.21,88.96,14773226
2014-10-15,87.9,89.78,86.2,89.21,18304793
2014-10-16,86.75,91.22,86.0,90.64,15422021
2014-10-17,97.31,98.44,93.08,93.97,17948521
2014-10-20,94.52,94.94,93.75,94.6,8209901
2014-10-21,96.96,97.75,95.67,97.75,9185404
2014-10-22,98.18,98.66,95.93,95.99,8319349
2014-10-23,98.21,99.4,97.07,98.26,7767742
2014-10-24,98.2,98.2,96.28,97.24,7489480
2014-10-27,95.31,95.31,92.45,93.52,15256775
2014-10-28,94.23,96.75,93.54,96.51,8323361
2014-10-29,97.87,98.66,96.45,97.41,7380265
2014-10-30,96.88,97.91,96.03,97.62,5104685
2014-10-31,96.8,98.8,96.54,98.66,8297204
2014-11-03,98.02,99.18,96.16,96.52,7752560
2014-11-04,95.52,95.52,93.44,94.16,9568646
2014-11-05,94.58,97.15,94.15,96.64,7443554
2014-11-06,95.5,97.08,94.1,96.98,9507524
2014-11-07,97.39,99.93,97.26,98.73,7826006
2014-11-10,99.45,100.54,98.18,98.29,7972945
2014-11-11,98.37,98.49,96.75,98.36,6114279
2014-11-12,97.75,99.69,97.24,97.43,6683265
2014-11-13,96.61,97.47,92.72,94.85,18117272
2014-11-14,96.26,96.85,94.42,95.32,11824975
2014-11-17,95.25,96.5,94.94,95.63,8499590
2014-11-18,96.67,96.67,94.95,95.28,5975664
2014-11-19,95.12,95.75,93.93,95.0,6553247
2014-11-20,95.0,96.25,94.66,96.14,8198682
2014-11-21,98.08,98.75,96.8,97.87,9293866
2014-11-24,98.71,99.21,97.97,98.45,10324741
2014-11-25,98.81,99.02,95.05,95.2,10729555
2014-11-26,94.83,94.91,92.3,92.81,9883903
2014-11-28,86.3,86.68,83.25,85.95,18876148
2014-12-01,84.53,85.82,82.66,84.84,18083196
2014-12-02,85.06,86.1,83.83,85.22,13759449
2014-12-03,85.77,87.17,85.1,86.76,11472764
2014-12-04,86.08,88.16,85.4,87.43,9014318
2014-12-05,87.21,88.16,86.0,87.16,8983572
2014-12-08,86.04,86.18,83.91,84.21,11306827
2014-12-09,83.31,85.53,82.9,85.47,10595589
2014-12-10,83.99,84.06,82.13,83.17,11166536
2014-12-11,82.95,85.2,82.75,83.01,12332612
2014-12-12,82.05,82.85,79.73,80.0,17708761
2014-12-15,80.24,81.83,79.84,79.9,11164547
2014-12-16,78.87,83.41,78.47,80.19,16034634
2014-12-17,81.17,84.43,80.25,82.88,13900622
2014-12-18,85.25,85.52,82.07,84.23,13255256
2014-12-19,84.31,87.72,84.02,87.52,15493761
2014-12-22,87.34,87.8,85.9,86.75,10563783
2014-12-23,87.1,87.69,86.26,87.32,8377896
2014-12-24,86.76,87.64,85.6,87.06,3624054
2014-12-26,87.55,88.03,86.52,87.13,4835531
2014-12-29,87.4,88.09,86.56,87.35,5872845
2014-12-30,87.06,87.2,86.05,86.44,6116166
2014-12-31,85.72,86.43,84.8,85.41,5346823
2015-01-02,84.81,86.2,84.62,85.67,5500806
2015-01-05,84.4,84.4,82.59,83.35,10039424
2015-01-06,82.94,83.36,80.66,81.72,9758355
2015-01-07,82.55,82.66,80.53,81.71,7951588
2015-01-08,82.49,83.29,81.94,82.7,7911582
2015-01-09,83.28,83.37,80.58,81.22,7652441
2015-01-12,79.13,79.13,76.73,78.05,13257136
2015-01-13,78.0,79.0,77.03,77.78,11936635
2015-01-14,75.99,78.56,75.6,78.39,12226689
2015-01-15,78.74,79.16,76.42,76.63,10918870
2015-01-16,77.48,81.52,77.47,81.33,17587516
2015-01-20,80.38,80.94,78.9,80.48,10948629
2015-01-21,80.42,82.64,79.6,82.21,9178837
2015-01-22,82.94,83.12,80.71,82.14,9039967
2015-01-23,81.93,83.2,81.6,82.0,8032758
2015-01-26,82.06,84.1,81.55,83.68,7060483
2015-01-27,82.72,85.0,82.72,84.55,7332821
2015-01-28,84.2,84.24,80.53,80.75,10041695
2015-01-29,81.16,82.06,79.52,81.9,9037345
2015-01-30,81.34,83.82,80.77,82.39,9947239
2015-02-02,83.99,84.75,82.5,84.64,9426758
2015-02-03,85.99,88.08,85.87,87.08,15913280
2015-02-04,85.75,85.87,83.64,84.55,12071655
2015-02-05,85.64,86.44,84.91,85.92,7749709
2015-02-06,86.82,87.42,85.8,86.16,8577766
2015-02-09,86.16,86.87,85.53,85.82,7614593
2015-02-10,85.78,86.1,84.03,85.22,7217563
2015-02-11,83.9,85.33,83.5,84.73,6630782
2015-02-12,86.16,87.4,85.48,85.96,6561113
2015-02-13,87.37,88.53,86.96,88.38,7562882
2015-02-17,88.43,89.0,87.28,88.89,7958252
2015-02-18,88.12,88.33,87.35,87.74,7182074
2015-02-19,85.24,87.58,85.12,86.98,6764812
2015-02-20,86.67,87.24,85.25,85.88,8123238
2015-02-23,84.79,86.19,84.39,85.54,6033775
2015-02-24,86.59,86.73,84.53,85.31,8430675
2015-02-25,85.39,85.64,84.55,85.21,5596996
2015-02-26,84.48,84.62,83.27,83.89,8485350
2015-02-27,83.97,84.76,83.97,84.16,7835972
2015-03-02,83.69,84.86,83.16,84.62,7725642
2015-03-03,84.86,85.5,83.97,84.91,6774754
2015-03-04,85.06,85.29,83.76,85.14,8229910
2015-03-05,84.34,85.08,83.92,84.82,5798210
2015-03-06,84.02,84.48,82.9,83.11,9674460
2015-03-09,82.87,83.39,82.05,82.36,6296376
2015-03-10,81.32,82.45,81.24,81.31,8140606
2015-03-11,81.44,81.92,81.14,81.27,6157002
2015-03-12,81.46,81.64,80.77,80.94,7630157
2015-03-13,80.24,80.9,79.67,80.42,8836742
2015-03-16,79.91,81.4,79.67,81.26,8265526
2015-03-17,80.35,81.09,79.99,80.47,7954608
2015-03-18,80.06,82.66,79.39,82.05,11542067
2015-03-19,80.73,81.9,80.61,81.01,8425601
2015-03-20,81.61,83.18,81.54,82.37,14383826
2015-03-23,82.49,83.57,82.0,82.0,8932120
2015-03-24,81.9,82.51,81.66,81.85,6446113
2015-03-25,82.65,84.12,82.32,83.29,8243059
2015-03-26,84.0,84.6,82.76,83.16,8150506
2015-03-27,83.01,83.47,82.32,83.31,5729134
2015-03-30,83.88,84.73,83.41,84.48,6537864
2015-03-31,83.72,84.26,83.35,83.44,7304727
2015-04-01,84.0,84.8,83.6,84.28,7808393
2015-04-02,84.09,85.43,83.89,84.39,6039614
2015-04-06,84.96,87.04,84.81,85.91,8092454
2015-04-07,86.14,86.99,85.25,86.27,7175690
2015-04-08,86.56,87.08,85.26,86.12,8739177
2015-04-09,86.38,88.93,86.26,88.45,9207274
2015-04-10,88.78,89.37,88.2,89.11,7315717
2015-04-13,88.98,89.3,87.76,88.02,7936899
2015-04-14,88.59,89.34,88.34,88.8,12053108
2015-04-15,89.46,92.0,88.9,92.0,13207782
2015-04-16,91.25,93.26,90.23,91.89,17143244
2015-04-17,94.11,94.89,91.54,92.86,20002632
2015-04-20,92.58,93.8,92.21,92.47,8937996
2015-04-21,92.46,92.68,90.61,91.29,6850233
2015-04-22,91.87,92.46,91.11,92.16,5910221
2015-04-23,92.32,93.94,92.32,93.05,6192534
2015-04-24,92.51,92.69,91.16,91.61,7604019
2015-04-27,92.18,92.59,91.45,92.33,7422456
2015-04-28,92.09,92.8,91.48,92.66,4480472
2015-04-29,92.58,94.4,91.9,94.28,8134066
2015-04-30,94.23,95.13,93.43,94.61,8166595
2015-05-01,94.48,94.89,92.81,93.0,6926695
2015-05-04,94.18,94.18,92.38,92.98,4993711
2015-05-05,93.66,94.41,92.03,92.04,7349816
2015-05-06,92.71,93.57,91.55,92.27,6665451
2015-05-07,91.61,91.68,89.57,90.23,8670070
2015-05-08,91.32,92.56,90.13,92.43,6078858
2015-05-11,93.39,93.41,91.67,91.77,7335809
2015-05-12,91.38,92.94,91.14,92.47,5088142
2015-05-13,93.12,93.17,91.77,92.51,5913632
2015-05-14,92.8,93.25,91.9,92.17,5266416
2015-05-15,91.85,92.69,91.17,92.14,4640458
2015-05-18,91.96,93.0,91.65,92.75,4023607
2015-05-19,91.74,91.74,89.94,90.56,6212991
2015-05-20,90.7,91.18,89.82,90.75,4476315
2015-05-21,91.36,92.67,90.78,92.03,5117024
2015-05-22,91.46,92.34,90.77,92.02,4104163
2015-05-26,91.12,91.69,90.25,90.74,6106654
2015-05-27,90.09,91.69,90.09,91.0,5406845
2015-05-28,90.66,90.84,89.72,90.65,4400280
2015-05-29,91.02,91.65,90.76,90.77,6089695
2015-06-01,90.19,91.05,89.68,90.65,5003319
2015-06-02,91.06,92.61,90.75,91.5,5290611
2015-06-03,91.28,92.47,91.08,91.36,3967209
2015-06-04,90.84,91.34,90.0,90.07,6451771
2015-06-05,89.69,91.72,89.54,90.17,7120039
2015-06-08,89.83,90.67,89.14,89.37,7115204
2015-06-09,90.16,90.63,89.79,89.86,5077769
2015-06-10,90.98,91.82,90.73,91.63,6045616
2015-06-11,91.63,91.68,90.54,90.67,5134637
2015-06-12,90.24,90.6,89.82,90.15,3997843
2015-06-15,89.41,89.8,88.7,89.43,5330493
2015-06-16,89.6,89.78,89.1,89.69,3731674
2015-06-17,90.03,90.62,89.2,89.67,4656449
2015-06-18,90.09,90.55,88.6,88.63,7862814
2015-06-19,87.57,87.77,86.23,86.62,13888646
2015-06-22,86.91,87.24,85.8,86.97,7415392
2015-06-23,86.68,88.08,86.49,88.0,5930958
2015-06-24,87.26,88.12,87.03,87.51,6565598
2015-06-25,87.36,87.72,86.67,86.67,5865803
2015-06-26,86.39,87.32,86.07,86.67,25487302
2015-06-29,85.6,86.61,85.55,85.66,7008397
2015-06-30,86.38,86.49,85.01,86.19,8043459
2015-07-01,86.42,86.69,83.92,84.3,10109039
2015-07-02,84.6,84.89,83.94,84.01,7607217
2015-07-06,82.87,84.23,82.4,83.49,7612688
2015-07-07,83.63,84.64,82.22,84.2,9442329
2015-07-08,83.94,84.46,82.58,82.92,6747014
2015-07-09,84.28,84.34,83.33,83.55,7410506
2015-07-10,84.28,84.55,83.24,83.96,6512167
2015-07-13,84.02,84.48,83.47,84.29,5613661
2015-07-14,84.4,86.11,84.18,85.29,6151599
2015-07-15,84.76,84.98,83.52,83.63,8792945
2015-07-16,84.58,84.76,83.67,83.89,6623529
2015-07-17,84.21,84.95,83.17,83.71,9097834
2015-07-20,84.24,84.53,83.44,83.52,7110838
2015-07-21,83.38,85.29,83.12,84.3,7809215
2015-07-22,83.98,85.86,83.55,85.26,10588986
2015-07-23,85.23,86.61,84.92,86.02,6419279
2015-07-24,85.75,85.8,82.66,82.9,8745808
2015-07-27,82.0,82.5,81.25,81.76,7186179
2015-07-28,82.54,83.06,81.15,82.5,8330598
2015-07-29,82.0,84.27,81.92,83.89,8491144
2015-07-30,84.06,84.42,83.08,83.52,4653503
2015-07-31,83.1,83.51,82.63,82.82,5568630
2015-08-03,82.04,83.15,81.66,82.08,6808840
2015-08-04,82.34,83.0,81.87,82.27,4707309
2015-08-05,82.94,83.95,82.13,82.5,5812519
2015-08-06,82.13,84.19,81.75,83.59,8265712
2015-08-07,83.22,83.85,81.95,82.25,6275920
2015-08-10,82.2,84.48,82.16,84.44,6776568
2015-08-11,82.97,84.45,82.56,84.36,6088436
2015-08-12,83.99,85.04,82.87,84.83,6745871
2015-08-13,84.39,84.69,83.44,84.09,5908478
2015-08-14,84.02,85.12,83.52,83.86,4201472
2015-08-17,83.06,83.85,83.06,83.5,4845407
2015-08-18,83.55,83.78,82.62,83.15,5106455
2015-08-19,82.37,82.94,80.4,80.67,9410304
2015-08-20,80.47,81.83,79.44,79.44,8369087
2015-08-21,78.8,79.9,77.5,77.5,10528888
2015-08-24,73.92,76.3,73.02,73.87,17093520
2015-08-25,76.6,76.61,72.5,72.52,11969844
2015-08-26,71.05,71.94,68.01,70.09,57669159
2015-08-27,72.3,73.99,70.9,73.85,28203900
2015-08-28,74.1,76.86,73.28,76.06,15678050
2015-08-31,75.13,77.71,74.61,77.37,16914695
2015-09-01,75.3,76.57,74.84,75.42,14907904
2015-09-02,76.66,76.9,73.86,75.41,12933988
2015-09-03,76.16,77.52,75.02,76.26,11043272
2015-09-04,75.13,75.39,74.42,75.0,9002426
2015-09-08,75.3,75.86,74.74,75.54,7001329
2015-09-09,75.66,77.24,74.24,74.4,10887491
2015-09-10,74.55,74.84,72.89,74.07,8237017
2015-09-11,73.47,73.72,72.27,73.7,8253313
2015-09-14,73.4,73.4,72.34,72.84,5978086
2015-09-15,73.28,73.82,72.7,73.59,8359490
2015-09-16,74.22,76.5,73.99,76.16,7676704
2015-09-17,76.16,76.82,75.08,75.3,8435358
2015-09-18,73.98,74.1,72.2,72.54,12531631
2015-09-21,73.26,73.48,72.28,72.87,5753910
2015-09-22,71.52,73.12,71.5,72.57,5883644
2015-09-23,73.21,73.38,71.9,71.94,5597716
2015-09-24,71.39,73.42,71.11,72.69,7584145
2015-09-25,73.25,73.31,72.23,72.9,5635413
2015-09-28,71.65,71.72,69.32,69.37,9086198
2015-09-29,69.61,69.89,68.03,69.1,11432708
2015-09-30,69.28,69.8,67.75,68.97,11768600
2015-10-01,70.11,70.99,67.41,67.65,12017727
2015-10-02,66.93,70.45,66.57,70.32,12657756
2015-10-05,71.25,72.73,71.05,72.09,8710533
2015-10-06,72.3,74.41,71.88,73.94,11546201
2015-10-07,75.43,76.9,74.55,75.35,12633639
2015-10-08,75.28,76.92,74.41,76.64,8421635
2015-10-09,77.15,77.37,75.86,76.36,6718631
2015-10-12,76.65,76.65,74.27,74.94,7570132
2015-10-13,74.19,76.08,74.0,74.64,6650179
2015-10-14,74.6,75.34,73.77,75.01,7178115
2015-10-15,75.36,76.27,73.88,76.16,10990900
2015-10-16,75.75,75.8,72.49,74.51,17799924
2015-10-19,73.35,75.42,73.21,74.14,7423126
2015-10-20,73.89,76.09,73.85,75.55,8608988
2015-10-21,75.3,76.98,75.11,75.63,7929784
2015-10-22,76.37,78.52,76.24,78.26,9081974
2015-10-23,77.84,79.24,77.4,78.35,8861661
2015-10-26,78.06,78.15,76.97,77.15,7780009
2015-10-27,75.46,77.42,75.35,76.95,9243108
2015-10-28,77.85,79.71,77.2,79.13,11141316
2015-10-29,78.73,79.95,78.37,78.69,6590099
2015-10-30,78.64,78.89,76.66,78.16,9462798
2015-11-02,77.65,79.73,77.45,79.43,8474204
2015-11-03,79.87,82.43,79.69,81.52,10200397
2015-11-04,81.45,81.71,79.8,80.31,8783057
2015-11-05,79.74,80.72,78.61,78.8,6718393
2015-11-06,78.05,79.07,77.0,79.06,7443849
2015-11-09,78.82,79.29,77.33,77.91,5832037
2015-11-10,77.4,78.87,77.28,78.77,5943850
2015-11-11,78.48,78.59,76.76,77.63,5517299
2015-11-12,76.35,77.79,75.91,76.6,8057249
2015-11-13,76.25,77.04,75.71,76.14,7178744
2015-11-16,76.27,78.5,75.77,78.33,6628090
2015-11-17,78.04,78.34,76.66,76.74,5572770
2015-11-18,77.0,78.68,76.76,78.55,6923379
2015-11-19,77.73,78.7,77.63,77.92,6667015
2015-11-20,77.92,78.13,76.23,77.15,8327294
2015-11-23,76.69,77.42,76.31,77.22,5856724
2015-11-24,77.51,78.98,77.05,78.18,6959706
2015-11-25,77.43,78.5,76.46,77.53,4055405
2015-11-27,76.79,77.5,76.44,77.33,3147340
2015-11-30,77.09,77.87,76.82,77.15,7283983
2015-12-01,76.81,78.22,76.5,78.17,8172400
2015-12-02,77.39,78.2,75.62,75.81,9509174
2015-12-03,76.46,76.62,74.14,74.81,8292735
2015-12-04,73.83,75.06,73.16,74.71,8605324
2015-12-07,72.65,73.28,72.07,72.8,10461630
2015-12-08,71.22,72.99,69.7,71.5,8305165
2015-12-09,72.1,74.05,71.42,72.12,9310319
2015-12-10,71.79,73.23,71.4,71.48,7200947
2015-12-11,70.53,70.76,69.72,69.82,9436094
2015-12-14,69.38,70.53,69.11,70.02,11205194
2015-12-15,71.0,72.13,70.56,71.84,10511825
2015-12-16,71.5,72.3,70.77,71.22,7865611
2015-12-18,69.04,69.17,67.33,67.34,15152644
2015-12-21,67.44,68.34,67.15,67.95,7861292
2015-12-22,68.42,69.77,68.17,69.49,7950929
2015-12-23,70.61,71.04,69.98,71.01,7757722
2015-12-24,70.9,71.21,70.37,70.53,2968765
2015-12-28,69.52,70.45,69.03,70.42,6616877
2015-12-29,71.68,71.85,69.9,70.51,6986989
2015-12-30,69.41,70.53,69.38,69.64,5744633
2015-12-31,69.37,70.38,69.0,69.75,5271122
2016-01-04,69.45,70.02,67.96,69.18,9129019
2016-01-05,69.34,69.84,68.09,69.5,6783560
2016-01-06,67.92,69.4,67.47,67.7,11923005
2016-01-07,66.23,67.76,65.8,66.19,12041043
2016-01-08,66.36,66.81,64.89,65.08,9657925
2016-01-11,65.19,65.47,63.79,64.83,8693081
2016-01-12,65.95,66.11,63.19,64.74,10188979
2016-01-13,65.6,66.35,63.51,63.95,12588246
2016-01-14,64.36,65.34,61.75,64.68,13802473
2016-01-15,62.06,63.83,61.71,63.01,14159904
2016-01-19,63.16,64.3,62.05,62.82,11394935
2016-01-20,61.4,62.27,59.6,61.06,15881375
2016-01-21,61.21,63.47,60.37,61.45,12895586
2016-01-22,64.52,66.25,62.97,65.2,19381719
2016-01-25,63.9,66.13,63.23,63.3,13626486
2016-01-26,64.39,65.77,63.42,65.33,13823233
2016-01-27,65.34,67.13,64.58,65.55,12596146
2016-01-28,68.23,69.6,67.24,69.51,16433943
2016-01-29,69.98,72.5,69.57,72.27,18153117
2016-02-01,71.12,71.66,70.04,71.46,12040887
2016-02-02,69.32,69.98,68.37,68.84,13561644
2016-02-03,70.03,70.86,67.67,70.83,12833510
2016-02-04,71.53,72.87,70.31,70.54,10854891
2016-02-05,69.74,70.07,68.09,68.81,16441350
2016-02-08,68.03,70.26,67.34,69.78,12354520
2016-02-09,68.91,69.62,67.0,67.8,10965979
2016-02-10,67.77,68.95,67.39,67.73,8249543
2016-02-11,66.3,69.45,66.1,68.83,12077586
2016-02-12,68.88,70.81,68.76,70.31,10727970
2016-02-16,71.35,72.24,70.39,71.75,9513789
2016-02-17,72.55,73.69,72.17,72.93,10054874
2016-02-18,73.73,73.73,72.32,72.68,8122325
2016-02-19,71.97,72.89,71.78,72.87,8223013
2016-02-22,73.82,74.63,73.58,74.37,7635317
2016-02-23,73.88,74.77,71.86,72.08,8134666
2016-02-24,70.89,72.32,70.4,72.21,7856224
2016-02-25,71.93,72.35,70.65,72.35,6356615
2016-02-26,73.12,73.61,72.2,72.47,5999431
2016-02-29,72.35,73.39,71.69,71.72,7696179
2016-03-01,72.46,74.06,72.28,74.01,8315320
2016-03-02,73.47,74.44,72.46,74.41,8576498
2016-03-03,74.04,74.96,73.78,74.85,7811418
2016-03-04,75.11,76.0,73.81,74.83,11342373
2016-03-07,74.31,76.16,73.25,76.16,9606905
2016-03-08,75.26,75.72,72.68,72.7,8599607
2016-03-09,73.75,73.93,72.6,72.75,6966105
2016-03-10,72.8,73.35,72.12,73.18,7049654
2016-03-11,73.9,75.14,73.31,75.0,8051758
2016-03-14,73.97,74.37,73.01,73.44,5949033
2016-03-15,72.48,73.25,71.94,73.23,6815385
2016-03-16,73.68,73.84,72.16,73.35,7125599
2016-03-17,74.11,75.0,73.54,74.54,7047470
2016-03-18,75.01,75.01,73.27,73.52,9530483
2016-03-21,72.37,75.04,72.18,74.89,7502455
2016-03-22,74.05,75.23,73.54,73.61,6207999
2016-03-23,73.04,73.52,72.63,72.96,5829394
2016-03-24,71.91,72.66,71.5,72.58,8184245
2016-03-28,72.89,73.03,71.98,72.8,7904019
2016-03-29,71.58,73.09,71.34,73.0,10449285
2016-03-30,73.67,74.62,73.27,74.41,8298725
2016-03-31,74.29,75.03,73.48,73.75,8602697
2016-04-01,72.37,73.2,71.76,72.12,21434067
2016-04-04,72.44,72.92,71.9,72.64,9219051
2016-04-05,72.01,73.15,71.96,72.66,9572726
2016-04-06,73.0,74.42,71.9,73.16,10047594
2016-04-07,72.51,72.94,71.69,72.01,7466981
2016-04-08,73.44,74.27,73.03,73.85,6091277
2016-04-11,74.36,74.91,73.87,73.88,7413995
2016-04-12,74.17,76.16,73.86,75.9,8223410
2016-04-13,75.98,77.55,75.7,77.37,8635008
2016-04-14,77.46,77.66,76.57,77.16,5349667
2016-04-15,77.16,77.16,75.95,76.26,6751634
2016-04-18,74.74,77.5,74.44,77.45,5933827
2016-04-19,77.99,79.66,77.85,79.64,10195649
2016-04-20,79.15,81.9,79.15,81.1,12100504
2016-04-21,80.88,81.96,80.16,80.27,8255468
2016-04-22,77.72,81.02,77.72,79.93,9900580
2016-04-25,79.56,79.8,77.96,78.77,6680464
2016-04-26,79.13,79.35,78.42,79.2,5446532
2016-04-27,79.78,81.18,79.6,80.6,7305503
2016-04-28,79.99,81.32,79.43,79.78,6659925
2016-04-29,79.99,81.27,79.05,80.34,8544106
2016-05-02,79.95,80.72,78.29,79.4,7367290
2016-05-03,78.33,78.43,76.49,77.23,8775340
2016-05-04,77.21,77.69,75.2,75.73,7765992
2016-05-05,76.76,76.91,74.93,75.4,7306638
2016-05-06,75.03,76.01,74.6,75.12,8082096
2016-05-09,73.49,74.29,72.34,72.77,10098989
2016-05-10,73.33,74.54,73.09,74.26,7375125
2016-05-11,74.01,74.85,73.47,73.81,5802230
2016-05-12,74.24,74.84,73.6,74.09,5058099
2016-05-13,73.56,74.3,72.42,72.43,6006445
2016-05-16,73.3,74.45,73.02,74.0,5400889
2016-05-17,74.24,75.24,74.1,74.88,7214164
2016-05-18,74.5,74.7,72.65,73.17,6037108
2016-05-19,72.57,74.36,72.0,74.2,8874796
2016-05-20,74.67,75.14,74.18,74.96,7370790
2016-05-23,75.52,75.66,74.38,75.01,6219674
2016-05-24,75.5,76.05,75.11,75.62,6487763
2016-05-25,76.0,78.0,75.92,77.91,7483679
2016-05-26,78.38,78.98,77.68,77.88,7916591
2016-05-27,77.05,77.25,76.38,77.17,5023198
2016-05-31,77.07,77.6,75.81,76.3,5779999
2016-06-01,75.41,76.34,74.91,75.86,5542161
2016-06-02,75.47,75.71,74.61,75.45,4827263
2016-06-03,75.7,76.1,74.86,75.63,4342153
2016-06-06,76.56,79.28,76.22,79.09,8019158
2016-06-07,79.45,80.37,79.28,80.1,8546417
2016-06-08,80.73,81.41,80.01,80.81,6979853
2016-06-09,79.47,80.12,79.31,79.96,5030232
2016-06-10,78.69,79.49,78.26,78.53,5585088
2016-06-13,78.01,78.94,77.57,77.64,5115367
2016-06-14,77.18,77.89,76.62,77.46,5361854
2016-06-15,77.18,77.89,76.73,76.85,5384763
2016-06-16,76.15,76.48,74.92,76.34,6033091
2016-06-17,76.88,77.79,76.22,77.5,6583912
2016-06-20,78.88,79.12,77.52,77.59,5257232
2016-06-21,77.5,78.97,77.18,78.52,5634786
2016-06-22,79.01,79.14,78.2,78.27,5274019
2016-06-23,78.99,79.59,78.69,79.59,4734419
2016-06-24,76.63,77.77,76.23,76.66,9561456
2016-06-27,75.41,75.7,74.53,75.07,7109499
2016-06-28,75.96,76.73,75.52,76.63,5555340
2016-06-29,77.53,78.89,77.4,77.83,5854512
2016-06-30,77.96,79.14,77.85,79.08,4941269
2016-07-01,79.14,79.9,79.01,79.52,4050434
2016-07-05,78.73,78.96,76.88,77.63,5656869
2016-07-06,77.43,78.11,76.83,78.06,4562841
2016-07-07,78.3,79.22,77.01,77.7,4922481
2016-07-08,78.32,78.97,78.12,78.74,4217360
2016-07-11,79.0,79.21,77.96,78.02,4702826
2016-07-12,79.14,80.16,78.69,79.65,6356320
2016-07-13,79.65,80.13,78.31,78.88,5328862
2016-07-14,79.77,79.93,78.98,79.1,3817559
2016-07-15,79.82,79.96,79.03,79.35,4723392
2016-07-18,78.81,79.71,78.48,79.7,4333637
2016-07-19,79.59,80.3,79.51,79.81,5780682
2016-07-20,79.43,80.83,78.87,80.6,5937862
2016-07-21,80.51,81.36,79.66,80.02,6220684
2016-07-22,80.02,81.61,78.87,81.61,10027496
2016-07-25,81.3,81.5,80.1,80.71,11223374
2016-07-26,79.9,80.6,78.95,80.6,11685454
2016-07-27,80.68,80.97,79.66,79.88,8415139
2016-07-28,79.77,80.51,78.6,79.05,5567296
2016-07-29,78.23,80.62,78.11,80.52,6200576
2016-08-01,79.79,79.88,78.08,78.46,8197786
2016-08-02,78.81,78.92,77.91,78.89,6648313
2016-08-03,78.71,79.64,78.27,79.62,5416302
2016-08-04,79.6,80.41,79.11,80.39,8183088
2016-08-05,80.62,81.42,80.02,81.2,6838614
2016-08-08,81.64,82.99,81.57,82.5,6213903
2016-08-09,83.03,83.04,81.48,81.83,4143756
2016-08-10,82.03,82.34,80.64,80.85,3863108
2016-08-11,81.14,82.41,80.97,81.5,4385446
2016-08-12,81.8,82.09,80.93,81.2,3902402
2016-08-15,81.75,82.13,81.09,82.04,4015962
2016-08-16,81.93,82.38,81.45,81.92,3584383
2016-08-17,81.6,82.25,81.22,82.21,3905473
2016-08-18,82.48,83.97,82.36,83.86,5466973
2016-08-19,83.51,83.67,82.72,83.31,5185639
2016-08-22,82.65,82.71,81.61,82.05,5091604
2016-08-23,82.17,82.4,81.54,81.75,4473691
2016-08-24,81.48,81.82,81.1,81.33,4462525
2016-08-25,81.39,81.73,81.03,81.34,3767057
2016-08-26,81.28,82.03,80.47,80.9,4535379
2016-08-29,80.61,81.5,80.61,81.14,3359038
2016-08-30,81.67,81.9,80.49,80.64,7873565
2016-08-31,80.15,80.34,78.62,79.0,8306065
2016-09-01,78.44,79.13,78.24,78.96,6705181
2016-09-02,79.25,79.7,78.5,78.55,4912088
2016-09-06,78.66,78.95,78.25,78.78,5560911
2016-09-07,78.83,79.05,78.48,78.61,3970697
2016-09-08,78.99,79.76,78.23,79.38,4845341
2016-09-09,78.76,79.22,77.56,77.56,7626570
2016-09-12,77.81,79.27,77.1,78.8,6343085
2016-09-13,77.98,78.1,76.88,77.08,7482030
2016-09-14,76.9,77.9,76.17,76.37,5190419
2016-09-15,76.16,77.15,76.09,76.8,5209370
2016-09-16,76.1,77.1,75.92,76.33,7243193
2016-09-19,76.84,77.4,75.93,75.96,5924961
2016-09-20,76.08,76.2,75.37,75.37,6821785
2016-09-21,76.0,76.71,75.86,76.56,7152450
2016-09-22,77.2,77.64,76.91,77.01,5639383
2016-09-23,76.69,77.06,75.57,75.92,6847404
2016-09-26,76.13,76.61,75.48,75.58,5499276
2016-09-27,75.13,75.46,74.33,75.33,6457176
2016-09-28,75.59,78.1,75.07,78.01,9420846
2016-09-29,78.11,78.97,77.37,77.37,9859463
2016-09-30,77.84,78.99,77.61,78.64,6485671
2016-10-03,78.82,79.06,78.35,78.9,4854738
2016-10-04,78.98,79.1,78.34,78.54,5211096
2016-10-05,79.41,80.95,79.06,80.15,7249395
2016-10-06,80.43,81.59,80.27,81.42,6469459
2016-10-07,81.79,82.1,80.98,81.31,5305592
2016-10-10,81.73,82.44,81.73,82.33,4565086
2016-10-11,82.08,82.23,81.16,81.69,5062960
2016-10-12,81.76,81.79,81.03,81.44,4059726
2016-10-13,81.02,81.92,80.62,81.53,4656595
2016-10-14,81.97,82.36,81.31,81.32,4681503
2016-10-17,81.32,81.76,80.69,80.98,3710919
2016-10-18,81.58,81.8,80.67,81.39,3956758
2016-10-19,82.0,84.3,82.0,83.44,9926100
2016-10-20,82.75,83.36,81.88,82.99,7773174
2016-10-21,81.85,82.42,79.68,80.47,10221833
2016-10-24,80.56,80.74,79.51,80.31,5617438
2016-10-25,80.35,81.5,79.92,80.22,5436610
2016-10-26,79.49,80.65,79.32,80.02,4238229
2016-10-27,80.4,80.58,79.53,79.6,3919637
2016-10-28,79.76,80.19,78.63,79.2,5001031
2016-10-31,78.88,79.1,78.03,78.23,6225057
2016-11-01,78.66,78.81,77.71,78.7,6825752
2016-11-02,78.08,78.22,76.92,77.76,6395871
2016-11-03,77.93,78.66,77.8,78.46,4935781
2016-11-04,78.52,78.93,77.66,77.84,5178283
2016-11-07,78.9,79.8,78.71,79.75,4756359
2016-11-08,79.33,80.49,79.13,79.84,4012560
2016-11-09,79.26,80.43,78.85,79.94,6737561
2016-11-10,79.48,80.71,79.48,79.88,6798624
2016-11-11,79.2,79.43,78.07,78.66,4955654
2016-11-14,78.4,78.92,77.48,78.71,6060945
2016-11-15,79.44,81.56,79.4,81.16,5833934
2016-11-16,81.02,81.9,80.77,81.04,4501349
2016-11-17,81.51,81.87,79.87,80.1,4733586
2016-11-18,80.1,80.52,79.72,80.0,3951072
2016-11-21,81.11,81.9,81.03,81.71,5202050
2016-11-22,81.98,82.0,80.28,81.5,4646442
2016-11-23,81.07,81.92,81.01,81.4,3122219
2016-11-25,81.03,81.39,80.75,81.29,1819739
2016-11-28,81.41,82.03,80.83,81.06,5909443
2016-11-29,79.61,80.29,78.74,79.92,6326420
2016-11-30,82.47,84.37,82.05,84.05,13534299
2016-12-01,84.99,86.41,84.37,84.61,7991659
2016-12-02,84.6,85.44,84.26,85.01,5090285
2016-12-05,84.92,85.18,84.23,84.43,5976148
2016-12-06,83.76,84.29,83.16,83.96,4878642
2016-12-07,84.05,84.8,83.56,84.35,5138922
2016-12-08,84.44,84.76,83.8,84.47,4848437
2016-12-09,84.87,84.98,83.94,84.78,4828984
2016-12-12,86.09,86.82,84.67,85.01,8233556
2016-12-13,85.73,86.72,85.05,86.13,6273364
2016-12-14,85.53,86.46,84.81,85.16,5858673
2016-12-15,84.5,85.7,84.3,85.28,6170978
2016-12-16,85.5,85.54,84.98,85.5,9524774
2016-12-19,85.4,85.7,84.97,85.12,3155877
2016-12-20,85.61,85.88,85.03,85.28,5185559
2016-12-21,85.57,86.26,85.06,86.16,4825856
2016-12-22,85.79,87.0,85.59,86.38,3991724
2016-12-23,86.03,86.27,85.23,85.51,2894275
2016-12-27,85.8,85.95,85.23,85.44,2634175
2016-12-28,85.28,85.48,84.41,84.63,4222687
2016-12-29,84.26,84.85,83.78,84.2,3535367
2016-12-30,84.3,84.5,83.66,83.95,4149703
2017-01-03,84.86,85.11,83.71,84.8,6667050
2017-01-04,85.0,85.71,84.54,85.43,4655393
2017-01-05,85.58,85.87,85.19,85.3,4543006
2017-01-06,85.48,86.83,84.84,86.48,5689898
2017-01-09,85.99,86.4,85.42,85.77,4336479
2017-01-10,85.69,85.71,84.58,84.6,4306226
2017-01-11,84.99,85.81,84.62,85.66,4149615
2017-01-12,85.69,85.7,84.65,85.33,4287013
2017-01-13,84.95,85.74,84.78,84.82,5117597
2017-01-17,84.81,86.53,84.8,86.43,5795345
2017-01-18,85.79,87.54,85.79,87.48,8744867
2017-01-19,87.05,87.84,86.91,87.2,7261442
2017-01-20,87.12,87.78,85.57,86.49,10368649
2017-01-23,85.85,85.93,83.9,84.27,6870220
2017-01-24,84.39,84.9,83.8,84.58,6027354
2017-01-25,85.08,85.69,84.65,85.51,5939483
2017-01-26,85.93,86.05,84.43,84.88,5624393
2017-01-27,84.86,85.19,84.31,84.5,4758177
2017-01-30,84.17,84.47,83.2,83.61,5550729
2017-01-31,83.9,84.25,83.11,83.71,4567889
2017-02-01,84.06,84.44,82.7,83.17,5193648
2017-02-02,83.6,83.61,81.56,82.44,8857699
2017-02-03,82.64,83.21,82.39,82.5,5083988
2017-02-06,82.55,82.97,81.46,81.69,5958031
2017-02-07,81.21,81.74,80.49,81.07,5841749
2017-02-08,80.61,81.19,79.52,81.12,5366434
2017-02-09,81.69,81.76,81.16,81.21,6119033
2017-02-10,81.98,82.71,81.85,82.16,6199901
2017-02-13,81.75,82.13,81.49,81.82,4135773
2017-02-14,82.04,82.5,81.54,82.46,4672319
2017-02-15,82.0,82.37,81.62,81.75,4947576
2017-02-16,82.13,82.17,81.0,81.13,5097946
2017-02-17,80.95,81.12,80.54,80.65,4346033
2017-02-21,81.43,81.55,80.6,80.68,4746114
2017-02-22,80.38,80.54,79.66,79.7,5905356
2017-02-23,80.47,80.71,79.88,80.47,5754105
2017-02-24,79.66,80.4,79.48,80.15,5464147
2017-02-27,80.23,81.82,80.16,81.06,8033030
2017-02-28,80.86,80.86,80.0,80.36,7842032
2017-03-01,80.91,82.69,80.6,82.27,6692409
2017-03-02,81.64,82.16,80.82,80.95,5104454
2017-03-03,81.22,81.58,80.65,80.7,3363815
2017-03-06,80.34,80.89,80.03,80.72,5524619
2017-03-07,80.69,80.77,79.74,79.95,5807380
2017-03-08,79.54,79.92,77.91,78.1,10152877
2017-03-09,77.52,78.94,77.28,78.7,9411782
2017-03-10,79.36,79.4,78.45,78.69,5633422
2017-03-13,78.83,79.13,78.08,78.59,6708919
2017-03-14,78.02,78.55,77.3,78.38,6541794
2017-03-15,79.0,80.59,78.91,80.25,7968057
2017-03-16,80.28,80.48,79.26,79.65,6196413
2017-03-17,79.97,80.26,79.49,79.55,8645748
2017-03-20,79.07,79.07,78.16,78.92,7318918
2017-03-21,79.53,79.65,78.57,78.69,6210485
2017-03-22,78.35,78.62,77.75,78.38,5341459
2017-03-23,78.11,78.45,77.56,77.67,5804115
2017-03-24,77.76,77.94,76.77,76.96,9805861
2017-03-27,76.21,77.18,76.14,77.02,6435078
2017-03-28,77.4,78.59,76.94,78.31,7274620
2017-03-29,78.21,78.96,77.58,78.67,4403009
2017-03-30,78.73,78.87,77.56,77.84,5585104
2017-03-31,77.55,78.37,77.33,78.1,5858508
2017-04-03,78.3,78.33,77.13,77.7,6994701
2017-04-04,77.71,78.38,77.22,78.21,4687847
2017-04-05,78.66,79.48,78.26,78.3,5290562
2017-04-06,78.7,78.93,78.36,78.62,5128783
2017-04-07,78.73,78.87,78.15,78.33,4265236
2017-04-10,78.67,78.95,78.4,78.71,3339935
2017-04-11,78.71,79.7,78.08,79.65,6722170
2017-04-12,79.73,80.89,79.24,79.57,6024246
2017-04-13,79.33,79.4,77.96,78.15,5030235
2017-04-17,77.82,78.42,77.79,78.24,5559277
2017-04-18,77.77,78.59,77.67,77.93,4078781
2017-04-19,78.29,78.48,76.16,76.48,8138424
2017-04-20,76.49,77.34,76.13,76.51,8053851
2017-04-21,73.97,75.16,73.15,74.84,14539686
2017-04-24,75.0,75.1,73.94,74.1,8461777
2017-04-25,74.22,74.33,73.77,74.09,9066397
2017-04-26,73.75,74.91,73.73,74.11,6064757
2017-04-27,73.85,73.93,72.1,72.84,10844921
2017-04-28,73.4,73.46,72.47,72.59,7214431
2017-05-01,72.7,73.09,72.14,72.3,6910089
2017-05-02,72.34,72.4,70.97,71.45,9141952
2017-05-03,71.41,71.95,70.97,71.53,7843603
2017-05-04,71.16,71.25,70.22,70.94,12175218
2017-05-05,71.04,72.2,70.9,71.97,11115445
2017-05-08,72.29,72.96,72.03,72.22,8160514
2017-05-09,72.34,72.6,71.89,72.28,6631862
2017-05-10,72.84,73.2,72.35,72.67,7021168
2017-05-11,73.04,73.08,71.65,71.78,7380171
2017-05-12,71.74,71.81,70.78,71.02,7308522
2017-05-15,72.48,72.69,71.94,72.0,8572952
2017-05-16,72.3,72.41,70.89,71.37,7029164
2017-05-17,70.97,71.64,70.8,70.99,6347653
2017-05-18,70.66,71.92,70.66,71.43,6073433
2017-05-19,71.77,72.31,71.56,71.75,7681847
2017-05-22,72.26,72.38,71.37,71.89,6209841
2017-05-23,72.17,72.31,71.52,72.09,4969857
2017-05-24,72.13,72.28,71.06,71.36,5280351
2017-05-25,71.27,71.69,68.94,69.39,14649418
2017-05-26,69.5,70.35,69.0,70.09,8960723
2017-05-30,69.22,69.49,68.65,68.74,7263475
2017-05-31,68.31,69.92,68.23,69.59,8944161
2017-06-01,69.67,70.19,69.22,69.78,5874806
2017-06-02,68.88,69.12,68.03,68.96,8646521
2017-06-05,68.79,69.5,68.63,69.27,4670819
2017-06-06,69.14,70.18,68.71,69.97,6588597
2017-06-07,69.55,69.86,67.92,68.67,10227667
2017-06-08,68.37,69.11,68.23,68.31,7739773
2017-06-09,68.35,70.39,68.32,69.68,8141068
2017-06-12,70.25,70.69,69.06,69.31,7999223
2017-06-13,69.31,69.7,68.84,69.35,7882662
2017-06-14,69.06,69.09,67.34,68.18,10261263
2017-06-15,67.96,68.08,67.0,67.33,9465863
2017-06-16,67.6,68.58,67.05,68.58,10179214
2017-06-19,68.53,68.78,67.9,68.1,5037557
2017-06-20,67.05,67.05,66.04,66.75,9579959
2017-06-21,66.48,66.49,65.26,65.47,11374235
2017-06-22,65.5,66.43,65.15,65.37,8088027
2017-06-23,65.33,66.16,65.15,65.93,7402492
2017-06-26,66.11,66.4,65.53,65.89,8042711
2017-06-27,65.65,66.04,65.13,65.36,6498360
2017-06-28,65.44,66.04,65.1,65.25,6243534
2017-06-29,65.6,66.3,65.3,65.38,7194819
2017-06-30,65.85,66.11,65.38,65.84,7981924
2017-07-03,66.12,67.4,65.9,66.97,5201403
2017-07-05,67.26,67.26,65.34,65.74,8872902
2017-07-06,66.16,66.5,65.02,65.13,6503753
2017-07-07,64.99,65.18,64.15,65.08,6743422
2017-07-10,64.82,65.68,64.78,65.35,5873639
2017-07-11,65.35,66.24,65.07,65.79,5534042
2017-07-12,66.52,66.6,65.34,65.58,6497554
2017-07-13,65.47,66.54,65.44,66.49,6252255
2017-07-14,66.5,67.09,66.37,66.85,5340611
